epoch,bee_id,task_id,accuracies
0,1,1,0.0977
0,1,2,0.12069760295021512
0,2,1,0.0888
0,2,2,0.077519975414874
1,1,1,0.1
1,1,2,0.1958743085433313
1,2,1,0.0888
1,2,2,0.077519975414874
2,1,1,0.1
2,1,2,0.1958743085433313
2,2,1,0.0888
2,2,2,0.077519975414874
3,1,1,0.1
3,1,2,0.1958743085433313
3,2,1,0.1
3,2,2,0.15938076213890595
4,1,1,0.1
4,1,2,0.09691917639827904
4,2,1,0.1
4,2,2,0.15938076213890595
5,1,1,0.1
5,1,2,0.09691917639827904
5,2,1,0.1
5,2,2,0.15938076213890595
6,1,1,0.1
6,1,2,0.09691917639827904
6,2,1,0.1
6,2,2,0.1958743085433313
7,1,1,0.1
7,1,2,0.09691917639827904
7,2,1,0.1
7,2,2,0.1958743085433313
8,1,1,0.1
8,1,2,0.09691917639827904
8,2,1,0.1
8,2,2,0.1958743085433313
9,1,1,0.1
9,1,2,0.15938076213890595
9,2,1,0.1
9,2,2,0.1958743085433313
10,1,1,0.1
10,1,2,0.15938076213890595
10,2,1,0.1
10,2,2,0.1958743085433313
11,1,1,0.1
11,1,2,0.15938076213890595
11,2,1,0.1
11,2,2,0.1958743085433313
12,1,1,0.1
12,1,2,0.15938076213890595
12,2,1,0.1
12,2,2,0.1958743085433313
13,1,1,0.1
13,1,2,0.15938076213890595
13,2,1,0.1
13,2,2,0.1958743085433313
14,1,1,0.1
14,1,2,0.06376767055931162
14,2,1,0.1
14,2,2,0.1958743085433313
15,1,1,0.1
15,1,2,0.06376767055931162
15,2,1,0.1
15,2,2,0.1958743085433313
16,1,1,0.1
16,1,2,0.06699446834665028
16,2,1,0.1
16,2,2,0.1958743085433313
17,1,1,0.1
17,1,2,0.06127074370006146
17,2,1,0.1
17,2,2,0.1958743085433313
18,1,1,0.1
18,1,2,0.07594499078057775
18,2,1,0.1
18,2,2,0.1958743085433313
19,1,1,0.1
19,1,2,0.07755838967424708
19,2,1,0.1
19,2,2,0.1958743085433313
20,1,1,0.1
20,1,2,0.07755838967424708
20,2,1,0.1
20,2,2,0.1958743085433313
21,1,1,0.1
21,1,2,0.07755838967424708
21,2,1,0.1
21,2,2,0.1958743085433313
22,1,1,0.1
22,1,2,0.07755838967424708
22,2,1,0.1
22,2,2,0.1958743085433313
23,1,1,0.1
23,1,2,0.07755838967424708
23,2,1,0.1
23,2,2,0.1958743085433313
24,1,1,0.1
24,1,2,0.07755838967424708
24,2,1,0.1
24,2,2,0.1958743085433313
25,1,1,0.1
25,1,2,0.07755838967424708
25,2,1,0.1
25,2,2,0.1958743085433313
26,1,1,0.1
26,1,2,0.07755838967424708
26,2,1,0.1
26,2,2,0.1958743085433313
27,1,1,0.1
27,1,2,0.07755838967424708
27,2,1,0.1
27,2,2,0.1958743085433313
28,1,1,0.1
28,1,2,0.07755838967424708
28,2,1,0.1
28,2,2,0.1958743085433313
29,1,1,0.1
29,1,2,0.07755838967424708
29,2,1,0.1
29,2,2,0.1958743085433313
30,1,1,0.1
30,1,2,0.07755838967424708
30,2,1,0.1
30,2,2,0.1958743085433313
31,1,1,0.1
31,1,2,0.07755838967424708
31,2,1,0.1
31,2,2,0.1958743085433313
32,1,1,0.1
32,1,2,0.07755838967424708
32,2,1,0.1
32,2,2,0.1958743085433313
33,1,1,0.1
33,1,2,0.07755838967424708
33,2,1,0.1
33,2,2,0.1958743085433313
34,1,1,0.1
34,1,2,0.07755838967424708
34,2,1,0.1
34,2,2,0.1958743085433313
35,1,1,0.1
35,1,2,0.07755838967424708
35,2,1,0.1
35,2,2,0.1958743085433313
36,1,1,0.1
36,1,2,0.07755838967424708
36,2,1,0.1
36,2,2,0.1958743085433313
37,1,1,0.1
37,1,2,0.07755838967424708
37,2,1,0.1
37,2,2,0.1958743085433313
38,1,1,0.1
38,1,2,0.07755838967424708
38,2,1,0.1
38,2,2,0.1958743085433313
39,1,1,0.1
39,1,2,0.07755838967424708
39,2,1,0.1
39,2,2,0.1958743085433313
40,1,1,0.1
40,1,2,0.07755838967424708
40,2,1,0.1
40,2,2,0.1958743085433313
41,1,1,0.1
41,1,2,0.07755838967424708
41,2,1,0.1
41,2,2,0.1958743085433313
42,1,1,0.1
42,1,2,0.07755838967424708
42,2,1,0.1
42,2,2,0.1958743085433313
43,1,1,0.1
43,1,2,0.07755838967424708
43,2,1,0.1
43,2,2,0.1958743085433313
44,1,1,0.1
44,1,2,0.07755838967424708
44,2,1,0.1
44,2,2,0.1958743085433313
45,1,1,0.1
45,1,2,0.07755838967424708
45,2,1,0.1
45,2,2,0.1958743085433313
46,1,1,0.1
46,1,2,0.07755838967424708
46,2,1,0.1
46,2,2,0.1958743085433313
47,1,1,0.1
47,1,2,0.07755838967424708
47,2,1,0.1
47,2,2,0.1958743085433313
48,1,1,0.1
48,1,2,0.07755838967424708
48,2,1,0.1
48,2,2,0.1958743085433313
49,1,1,0.1
49,1,2,0.07755838967424708
49,2,1,0.1
49,2,2,0.1958743085433313
50,1,1,0.1
50,1,2,0.07755838967424708
50,2,1,0.1
50,2,2,0.1958743085433313
51,1,1,0.1
51,1,2,0.07755838967424708
51,2,1,0.1
51,2,2,0.1958743085433313
52,1,1,0.1
52,1,2,0.07755838967424708
52,2,1,0.1
52,2,2,0.1958743085433313
53,1,1,0.1
53,1,2,0.07755838967424708
53,2,1,0.1
53,2,2,0.1958743085433313
54,1,1,0.1
54,1,2,0.07755838967424708
54,2,1,0.1
54,2,2,0.1958743085433313
55,1,1,0.1
55,1,2,0.07755838967424708
55,2,1,0.1
55,2,2,0.1958743085433313
56,1,1,0.1
56,1,2,0.07755838967424708
56,2,1,0.1
56,2,2,0.1958743085433313
57,1,1,0.1
57,1,2,0.07755838967424708
57,2,1,0.1
57,2,2,0.1958743085433313
58,1,1,0.1
58,1,2,0.07755838967424708
58,2,1,0.1
58,2,2,0.1958743085433313
59,1,1,0.1
59,1,2,0.07755838967424708
59,2,1,0.1
59,2,2,0.1958743085433313
60,1,1,0.1
60,1,2,0.07755838967424708
60,2,1,0.1
60,2,2,0.1958743085433313
61,1,1,0.1
61,1,2,0.07755838967424708
61,2,1,0.1
61,2,2,0.1958743085433313
62,1,1,0.1
62,1,2,0.07755838967424708
62,2,1,0.1
62,2,2,0.1958743085433313
63,1,1,0.1
63,1,2,0.07755838967424708
63,2,1,0.1
63,2,2,0.1958743085433313
64,1,1,0.1
64,1,2,0.07755838967424708
64,2,1,0.1
64,2,2,0.1958743085433313
65,1,1,0.1
65,1,2,0.07755838967424708
65,2,1,0.1
65,2,2,0.1958743085433313
66,1,1,0.1
66,1,2,0.07755838967424708
66,2,1,0.1
66,2,2,0.1958743085433313
67,1,1,0.1
67,1,2,0.07755838967424708
67,2,1,0.1
67,2,2,0.1958743085433313
68,1,1,0.1
68,1,2,0.07755838967424708
68,2,1,0.1
68,2,2,0.1958743085433313
69,1,1,0.1
69,1,2,0.07755838967424708
69,2,1,0.1
69,2,2,0.1958743085433313
70,1,1,0.1
70,1,2,0.07755838967424708
70,2,1,0.1
70,2,2,0.1958743085433313
71,1,1,0.1
71,1,2,0.07755838967424708
71,2,1,0.1
71,2,2,0.1958743085433313
72,1,1,0.1
72,1,2,0.07755838967424708
72,2,1,0.1
72,2,2,0.1958743085433313
73,1,1,0.1
73,1,2,0.07755838967424708
73,2,1,0.1
73,2,2,0.1958743085433313
74,1,1,0.1
74,1,2,0.07755838967424708
74,2,1,0.1
74,2,2,0.1958743085433313
75,1,1,0.1
75,1,2,0.07755838967424708
75,2,1,0.1
75,2,2,0.1958743085433313
76,1,1,0.1
76,1,2,0.07755838967424708
76,2,1,0.1
76,2,2,0.1958743085433313
77,1,1,0.1
77,1,2,0.07755838967424708
77,2,1,0.1
77,2,2,0.1958743085433313
78,1,1,0.1
78,1,2,0.07755838967424708
78,2,1,0.1
78,2,2,0.1958743085433313
79,1,1,0.1
79,1,2,0.07755838967424708
79,2,1,0.1
79,2,2,0.1958743085433313
80,1,1,0.1
80,1,2,0.07755838967424708
80,2,1,0.1
80,2,2,0.1958743085433313
81,1,1,0.1
81,1,2,0.07755838967424708
81,2,1,0.1
81,2,2,0.1958743085433313
82,1,1,0.1
82,1,2,0.07755838967424708
82,2,1,0.1
82,2,2,0.1958743085433313
83,1,1,0.1
83,1,2,0.07755838967424708
83,2,1,0.1
83,2,2,0.1958743085433313
84,1,1,0.1
84,1,2,0.07755838967424708
84,2,1,0.1
84,2,2,0.1958743085433313
85,1,1,0.1
85,1,2,0.07755838967424708
85,2,1,0.1
85,2,2,0.1958743085433313
86,1,1,0.1
86,1,2,0.07755838967424708
86,2,1,0.1
86,2,2,0.1958743085433313
87,1,1,0.1
87,1,2,0.07755838967424708
87,2,1,0.1
87,2,2,0.1958743085433313
88,1,1,0.1
88,1,2,0.07755838967424708
88,2,1,0.1
88,2,2,0.1958743085433313
89,1,1,0.1
89,1,2,0.07755838967424708
89,2,1,0.1
89,2,2,0.1958743085433313
90,1,1,0.1
90,1,2,0.07755838967424708
90,2,1,0.1
90,2,2,0.1958743085433313
91,1,1,0.1
91,1,2,0.07755838967424708
91,2,1,0.1
91,2,2,0.1958743085433313
92,1,1,0.1
92,1,2,0.07755838967424708
92,2,1,0.1
92,2,2,0.1958743085433313
93,1,1,0.1
93,1,2,0.07755838967424708
93,2,1,0.1
93,2,2,0.1958743085433313
94,1,1,0.1
94,1,2,0.07755838967424708
94,2,1,0.1
94,2,2,0.1958743085433313
95,1,1,0.1
95,1,2,0.07755838967424708
95,2,1,0.1
95,2,2,0.1958743085433313
96,1,1,0.1
96,1,2,0.07755838967424708
96,2,1,0.1
96,2,2,0.1958743085433313
97,1,1,0.1
97,1,2,0.07755838967424708
97,2,1,0.1
97,2,2,0.1958743085433313
98,1,1,0.1
98,1,2,0.07755838967424708
98,2,1,0.1
98,2,2,0.1958743085433313
99,1,1,0.1
99,1,2,0.07755838967424708
99,2,1,0.1
99,2,2,0.1958743085433313
100,1,1,0.1
100,1,2,0.07755838967424708
100,2,1,0.1
100,2,2,0.1958743085433313
101,1,1,0.1
101,1,2,0.07755838967424708
101,2,1,0.1
101,2,2,0.1958743085433313
102,1,1,0.1
102,1,2,0.07755838967424708
102,2,1,0.1
102,2,2,0.1958743085433313
103,1,1,0.1
103,1,2,0.07755838967424708
103,2,1,0.1
103,2,2,0.1958743085433313
104,1,1,0.1
104,1,2,0.07755838967424708
104,2,1,0.1
104,2,2,0.1958743085433313
105,1,1,0.1
105,1,2,0.07755838967424708
105,2,1,0.1
105,2,2,0.1958743085433313
106,1,1,0.1
106,1,2,0.07755838967424708
106,2,1,0.1
106,2,2,0.1958743085433313
107,1,1,0.1
107,1,2,0.07755838967424708
107,2,1,0.1
107,2,2,0.1958743085433313
108,1,1,0.1
108,1,2,0.07755838967424708
108,2,1,0.1
108,2,2,0.1958743085433313
109,1,1,0.1
109,1,2,0.07755838967424708
109,2,1,0.1
109,2,2,0.1958743085433313
110,1,1,0.1
110,1,2,0.07755838967424708
110,2,1,0.1
110,2,2,0.1958743085433313
111,1,1,0.1
111,1,2,0.07755838967424708
111,2,1,0.1
111,2,2,0.1958743085433313
112,1,1,0.1
112,1,2,0.07755838967424708
112,2,1,0.1
112,2,2,0.1958743085433313
113,1,1,0.1
113,1,2,0.07755838967424708
113,2,1,0.1
113,2,2,0.1958743085433313
114,1,1,0.1
114,1,2,0.07755838967424708
114,2,1,0.1
114,2,2,0.1958743085433313
115,1,1,0.1
115,1,2,0.07755838967424708
115,2,1,0.1
115,2,2,0.1958743085433313
116,1,1,0.1
116,1,2,0.07755838967424708
116,2,1,0.1
116,2,2,0.1958743085433313
117,1,1,0.1
117,1,2,0.07755838967424708
117,2,1,0.1
117,2,2,0.1958743085433313
118,1,1,0.1
118,1,2,0.07755838967424708
118,2,1,0.1
118,2,2,0.1958743085433313
119,1,1,0.1
119,1,2,0.07755838967424708
119,2,1,0.1
119,2,2,0.1958743085433313
120,1,1,0.1
120,1,2,0.07755838967424708
120,2,1,0.1
120,2,2,0.1958743085433313
121,1,1,0.1
121,1,2,0.07755838967424708
121,2,1,0.1
121,2,2,0.1958743085433313
122,1,1,0.1
122,1,2,0.07755838967424708
122,2,1,0.1
122,2,2,0.1958743085433313
123,1,1,0.1
123,1,2,0.07755838967424708
123,2,1,0.1
123,2,2,0.1958743085433313
124,1,1,0.1
124,1,2,0.07755838967424708
124,2,1,0.1
124,2,2,0.1958743085433313
125,1,1,0.1
125,1,2,0.07755838967424708
125,2,1,0.1
125,2,2,0.1958743085433313
126,1,1,0.1
126,1,2,0.07755838967424708
126,2,1,0.1
126,2,2,0.1958743085433313
127,1,1,0.1
127,1,2,0.07755838967424708
127,2,1,0.1
127,2,2,0.1958743085433313
128,1,1,0.1
128,1,2,0.07755838967424708
128,2,1,0.1
128,2,2,0.1958743085433313
129,1,1,0.1
129,1,2,0.07755838967424708
129,2,1,0.1
129,2,2,0.1958743085433313
130,1,1,0.1
130,1,2,0.07755838967424708
130,2,1,0.1
130,2,2,0.1958743085433313
131,1,1,0.1
131,1,2,0.07755838967424708
131,2,1,0.1
131,2,2,0.1958743085433313
132,1,1,0.1
132,1,2,0.07755838967424708
132,2,1,0.1
132,2,2,0.1958743085433313
133,1,1,0.1
133,1,2,0.07755838967424708
133,2,1,0.1
133,2,2,0.1958743085433313
134,1,1,0.1
134,1,2,0.07755838967424708
134,2,1,0.1
134,2,2,0.1958743085433313
135,1,1,0.1
135,1,2,0.07755838967424708
135,2,1,0.1
135,2,2,0.1958743085433313
136,1,1,0.1
136,1,2,0.07755838967424708
136,2,1,0.1
136,2,2,0.1958743085433313
137,1,1,0.1
137,1,2,0.07755838967424708
137,2,1,0.1
137,2,2,0.1958743085433313
138,1,1,0.1
138,1,2,0.07755838967424708
138,2,1,0.1
138,2,2,0.1958743085433313
139,1,1,0.1
139,1,2,0.07755838967424708
139,2,1,0.1
139,2,2,0.1958743085433313
140,1,1,0.1
140,1,2,0.07755838967424708
140,2,1,0.1
140,2,2,0.1958743085433313
141,1,1,0.1
141,1,2,0.07755838967424708
141,2,1,0.1
141,2,2,0.1958743085433313
142,1,1,0.1
142,1,2,0.07755838967424708
142,2,1,0.1
142,2,2,0.1958743085433313
143,1,1,0.1
143,1,2,0.07755838967424708
143,2,1,0.1
143,2,2,0.1958743085433313
144,1,1,0.1
144,1,2,0.07755838967424708
144,2,1,0.1
144,2,2,0.1958743085433313
145,1,1,0.1
145,1,2,0.07755838967424708
145,2,1,0.1
145,2,2,0.1958743085433313
146,1,1,0.1
146,1,2,0.07755838967424708
146,2,1,0.1
146,2,2,0.1958743085433313
147,1,1,0.1
147,1,2,0.07755838967424708
147,2,1,0.1
147,2,2,0.1958743085433313
148,1,1,0.1
148,1,2,0.07755838967424708
148,2,1,0.1
148,2,2,0.1958743085433313
149,1,1,0.1
149,1,2,0.07755838967424708
149,2,1,0.1
149,2,2,0.1958743085433313
150,1,1,0.1
150,1,2,0.07755838967424708
150,2,1,0.1
150,2,2,0.1958743085433313
151,1,1,0.1
151,1,2,0.07755838967424708
151,2,1,0.1
151,2,2,0.1958743085433313
152,1,1,0.1
152,1,2,0.07755838967424708
152,2,1,0.1
152,2,2,0.1958743085433313
153,1,1,0.1
153,1,2,0.07755838967424708
153,2,1,0.1
153,2,2,0.1958743085433313
154,1,1,0.1
154,1,2,0.07755838967424708
154,2,1,0.1
154,2,2,0.1958743085433313
155,1,1,0.1
155,1,2,0.07755838967424708
155,2,1,0.1
155,2,2,0.1958743085433313
156,1,1,0.1
156,1,2,0.07755838967424708
156,2,1,0.1
156,2,2,0.1958743085433313
157,1,1,0.1
157,1,2,0.07755838967424708
157,2,1,0.1
157,2,2,0.1958743085433313
158,1,1,0.1
158,1,2,0.07755838967424708
158,2,1,0.1
158,2,2,0.1958743085433313
159,1,1,0.1
159,1,2,0.07755838967424708
159,2,1,0.1
159,2,2,0.1958743085433313
160,1,1,0.1
160,1,2,0.07755838967424708
160,2,1,0.1
160,2,2,0.1958743085433313
161,1,1,0.1
161,1,2,0.07755838967424708
161,2,1,0.1
161,2,2,0.1958743085433313
162,1,1,0.1
162,1,2,0.07755838967424708
162,2,1,0.1
162,2,2,0.1958743085433313
163,1,1,0.1
163,1,2,0.07755838967424708
163,2,1,0.1
163,2,2,0.1958743085433313
164,1,1,0.1
164,1,2,0.07755838967424708
164,2,1,0.1
164,2,2,0.1958743085433313
165,1,1,0.1
165,1,2,0.07755838967424708
165,2,1,0.1
165,2,2,0.1958743085433313
166,1,1,0.1
166,1,2,0.07755838967424708
166,2,1,0.1
166,2,2,0.1958743085433313
167,1,1,0.1
167,1,2,0.07755838967424708
167,2,1,0.1
167,2,2,0.1958743085433313
168,1,1,0.1
168,1,2,0.07755838967424708
168,2,1,0.1
168,2,2,0.1958743085433313
169,1,1,0.1
169,1,2,0.07755838967424708
169,2,1,0.1
169,2,2,0.1958743085433313
170,1,1,0.1
170,1,2,0.07755838967424708
170,2,1,0.1
170,2,2,0.1958743085433313
171,1,1,0.1
171,1,2,0.07755838967424708
171,2,1,0.1
171,2,2,0.1958743085433313
172,1,1,0.1
172,1,2,0.07755838967424708
172,2,1,0.1
172,2,2,0.1958743085433313
173,1,1,0.1
173,1,2,0.07755838967424708
173,2,1,0.1
173,2,2,0.1958743085433313
174,1,1,0.1
174,1,2,0.07755838967424708
174,2,1,0.1
174,2,2,0.1958743085433313
175,1,1,0.1
175,1,2,0.07755838967424708
175,2,1,0.1
175,2,2,0.1958743085433313
176,1,1,0.1
176,1,2,0.07755838967424708
176,2,1,0.1
176,2,2,0.1958743085433313
177,1,1,0.1
177,1,2,0.07755838967424708
177,2,1,0.1
177,2,2,0.1958743085433313
178,1,1,0.1
178,1,2,0.07755838967424708
178,2,1,0.1
178,2,2,0.1958743085433313
179,1,1,0.1
179,1,2,0.07755838967424708
179,2,1,0.1
179,2,2,0.1958743085433313
180,1,1,0.1
180,1,2,0.07755838967424708
180,2,1,0.1
180,2,2,0.1958743085433313
181,1,1,0.1
181,1,2,0.07755838967424708
181,2,1,0.1
181,2,2,0.1958743085433313
182,1,1,0.1
182,1,2,0.07755838967424708
182,2,1,0.1
182,2,2,0.1958743085433313
183,1,1,0.1
183,1,2,0.07755838967424708
183,2,1,0.1
183,2,2,0.1958743085433313
184,1,1,0.1
184,1,2,0.07755838967424708
184,2,1,0.1
184,2,2,0.1958743085433313
185,1,1,0.1
185,1,2,0.07755838967424708
185,2,1,0.1
185,2,2,0.1958743085433313
186,1,1,0.1
186,1,2,0.07755838967424708
186,2,1,0.1
186,2,2,0.1958743085433313
187,1,1,0.1
187,1,2,0.07755838967424708
187,2,1,0.1
187,2,2,0.1958743085433313
188,1,1,0.1
188,1,2,0.07755838967424708
188,2,1,0.1
188,2,2,0.1958743085433313
189,1,1,0.1
189,1,2,0.07755838967424708
189,2,1,0.1
189,2,2,0.1958743085433313
190,1,1,0.1
190,1,2,0.07755838967424708
190,2,1,0.1
190,2,2,0.1958743085433313
191,1,1,0.1
191,1,2,0.07755838967424708
191,2,1,0.1
191,2,2,0.1958743085433313
192,1,1,0.1
192,1,2,0.07755838967424708
192,2,1,0.1
192,2,2,0.1958743085433313
193,1,1,0.1
193,1,2,0.07755838967424708
193,2,1,0.1
193,2,2,0.1958743085433313
194,1,1,0.1
194,1,2,0.07755838967424708
194,2,1,0.1
194,2,2,0.1958743085433313
195,1,1,0.1
195,1,2,0.07755838967424708
195,2,1,0.1
195,2,2,0.1958743085433313
196,1,1,0.1
196,1,2,0.07755838967424708
196,2,1,0.1
196,2,2,0.1958743085433313
197,1,1,0.1
197,1,2,0.07755838967424708
197,2,1,0.1
197,2,2,0.1958743085433313
198,1,1,0.1
198,1,2,0.07755838967424708
198,2,1,0.1
198,2,2,0.1958743085433313
199,1,1,0.1
199,1,2,0.07755838967424708
199,2,1,0.1
199,2,2,0.1958743085433313
200,1,1,0.1
200,1,2,0.07755838967424708
200,2,1,0.1
200,2,2,0.1958743085433313
201,1,1,0.1
201,1,2,0.07755838967424708
201,2,1,0.1
201,2,2,0.1958743085433313
202,1,1,0.1
202,1,2,0.07755838967424708
202,2,1,0.1
202,2,2,0.1958743085433313
203,1,1,0.1
203,1,2,0.07755838967424708
203,2,1,0.1
203,2,2,0.1958743085433313
204,1,1,0.1
204,1,2,0.07755838967424708
204,2,1,0.1
204,2,2,0.1958743085433313
205,1,1,0.1
205,1,2,0.07755838967424708
205,2,1,0.1
205,2,2,0.1958743085433313
206,1,1,0.1
206,1,2,0.07755838967424708
206,2,1,0.1
206,2,2,0.1958743085433313
207,1,1,0.1
207,1,2,0.07755838967424708
207,2,1,0.1
207,2,2,0.1958743085433313
208,1,1,0.1
208,1,2,0.07755838967424708
208,2,1,0.1
208,2,2,0.1958743085433313
209,1,1,0.1
209,1,2,0.07755838967424708
209,2,1,0.1
209,2,2,0.1958743085433313
210,1,1,0.1
210,1,2,0.07755838967424708
210,2,1,0.1
210,2,2,0.1958743085433313
211,1,1,0.1
211,1,2,0.07755838967424708
211,2,1,0.1
211,2,2,0.1958743085433313
212,1,1,0.1
212,1,2,0.07755838967424708
212,2,1,0.1
212,2,2,0.1958743085433313
213,1,1,0.1
213,1,2,0.07755838967424708
213,2,1,0.1
213,2,2,0.1958743085433313
214,1,1,0.1
214,1,2,0.07755838967424708
214,2,1,0.1
214,2,2,0.1958743085433313
215,1,1,0.1
215,1,2,0.07755838967424708
215,2,1,0.1
215,2,2,0.1958743085433313
216,1,1,0.1
216,1,2,0.07755838967424708
216,2,1,0.1
216,2,2,0.1958743085433313
217,1,1,0.1
217,1,2,0.07755838967424708
217,2,1,0.1
217,2,2,0.1958743085433313
218,1,1,0.1
218,1,2,0.07755838967424708
218,2,1,0.1
218,2,2,0.1958743085433313
219,1,1,0.1
219,1,2,0.07755838967424708
219,2,1,0.1
219,2,2,0.1958743085433313
220,1,1,0.1
220,1,2,0.07755838967424708
220,2,1,0.1
220,2,2,0.1958743085433313
221,1,1,0.1
221,1,2,0.07755838967424708
221,2,1,0.1
221,2,2,0.1958743085433313
222,1,1,0.1
222,1,2,0.07755838967424708
222,2,1,0.1
222,2,2,0.1958743085433313
223,1,1,0.1
223,1,2,0.07755838967424708
223,2,1,0.1
223,2,2,0.1958743085433313
224,1,1,0.1
224,1,2,0.07755838967424708
224,2,1,0.1
224,2,2,0.1958743085433313
225,1,1,0.1
225,1,2,0.07755838967424708
225,2,1,0.1
225,2,2,0.1958743085433313
226,1,1,0.1
226,1,2,0.07755838967424708
226,2,1,0.1
226,2,2,0.1958743085433313
227,1,1,0.1
227,1,2,0.07755838967424708
227,2,1,0.1
227,2,2,0.1958743085433313
228,1,1,0.1
228,1,2,0.07755838967424708
228,2,1,0.1
228,2,2,0.1958743085433313
229,1,1,0.1
229,1,2,0.07755838967424708
229,2,1,0.1
229,2,2,0.1958743085433313
230,1,1,0.1
230,1,2,0.07755838967424708
230,2,1,0.1
230,2,2,0.1958743085433313
231,1,1,0.1
231,1,2,0.07755838967424708
231,2,1,0.1
231,2,2,0.1958743085433313
232,1,1,0.1
232,1,2,0.07755838967424708
232,2,1,0.1
232,2,2,0.1958743085433313
233,1,1,0.1
233,1,2,0.07755838967424708
233,2,1,0.1
233,2,2,0.1958743085433313
234,1,1,0.1
234,1,2,0.07755838967424708
234,2,1,0.1
234,2,2,0.1958743085433313
235,1,1,0.1
235,1,2,0.07755838967424708
235,2,1,0.1
235,2,2,0.1958743085433313
236,1,1,0.1
236,1,2,0.07755838967424708
236,2,1,0.1
236,2,2,0.1958743085433313
237,1,1,0.1
237,1,2,0.07755838967424708
237,2,1,0.1
237,2,2,0.1958743085433313
238,1,1,0.1
238,1,2,0.07755838967424708
238,2,1,0.1
238,2,2,0.1958743085433313
239,1,1,0.1
239,1,2,0.07755838967424708
239,2,1,0.1
239,2,2,0.1958743085433313
240,1,1,0.1
240,1,2,0.07755838967424708
240,2,1,0.1
240,2,2,0.1958743085433313
241,1,1,0.1
241,1,2,0.07755838967424708
241,2,1,0.1
241,2,2,0.1958743085433313
242,1,1,0.1
242,1,2,0.07755838967424708
242,2,1,0.1
242,2,2,0.1958743085433313
243,1,1,0.1
243,1,2,0.07755838967424708
243,2,1,0.1
243,2,2,0.1958743085433313
244,1,1,0.1
244,1,2,0.07755838967424708
244,2,1,0.1
244,2,2,0.1958743085433313
245,1,1,0.1
245,1,2,0.07755838967424708
245,2,1,0.1
245,2,2,0.1958743085433313
246,1,1,0.1
246,1,2,0.07755838967424708
246,2,1,0.1
246,2,2,0.1958743085433313
247,1,1,0.1
247,1,2,0.07755838967424708
247,2,1,0.1
247,2,2,0.1958743085433313
248,1,1,0.1
248,1,2,0.07755838967424708
248,2,1,0.1
248,2,2,0.1958743085433313
249,1,1,0.1
249,1,2,0.07755838967424708
249,2,1,0.1
249,2,2,0.1958743085433313
250,1,1,0.1
250,1,2,0.07755838967424708
250,2,1,0.1
250,2,2,0.1958743085433313
251,1,1,0.1
251,1,2,0.07755838967424708
251,2,1,0.1
251,2,2,0.1958743085433313
252,1,1,0.1
252,1,2,0.07755838967424708
252,2,1,0.1
252,2,2,0.1958743085433313
253,1,1,0.1
253,1,2,0.07755838967424708
253,2,1,0.1
253,2,2,0.1958743085433313
254,1,1,0.1
254,1,2,0.07755838967424708
254,2,1,0.1
254,2,2,0.1958743085433313
255,1,1,0.1
255,1,2,0.07755838967424708
255,2,1,0.1
255,2,2,0.1958743085433313
256,1,1,0.1
256,1,2,0.07755838967424708
256,2,1,0.1
256,2,2,0.1958743085433313
257,1,1,0.1
257,1,2,0.07755838967424708
257,2,1,0.1
257,2,2,0.1958743085433313
258,1,1,0.1
258,1,2,0.07755838967424708
258,2,1,0.1
258,2,2,0.1958743085433313
259,1,1,0.1
259,1,2,0.07755838967424708
259,2,1,0.1
259,2,2,0.1958743085433313
260,1,1,0.1
260,1,2,0.07755838967424708
260,2,1,0.1
260,2,2,0.1958743085433313
261,1,1,0.1
261,1,2,0.07755838967424708
261,2,1,0.1
261,2,2,0.1958743085433313
262,1,1,0.1
262,1,2,0.07755838967424708
262,2,1,0.1
262,2,2,0.1958743085433313
263,1,1,0.1
263,1,2,0.07755838967424708
263,2,1,0.1
263,2,2,0.1958743085433313
264,1,1,0.1
264,1,2,0.07755838967424708
264,2,1,0.1
264,2,2,0.1958743085433313
265,1,1,0.1
265,1,2,0.07755838967424708
265,2,1,0.1
265,2,2,0.1958743085433313
266,1,1,0.1
266,1,2,0.07755838967424708
266,2,1,0.1
266,2,2,0.1958743085433313
267,1,1,0.1
267,1,2,0.07755838967424708
267,2,1,0.1
267,2,2,0.1958743085433313
268,1,1,0.1
268,1,2,0.07755838967424708
268,2,1,0.1
268,2,2,0.1958743085433313
269,1,1,0.1
269,1,2,0.07755838967424708
269,2,1,0.1
269,2,2,0.1958743085433313
270,1,1,0.1
270,1,2,0.07755838967424708
270,2,1,0.1
270,2,2,0.1958743085433313
271,1,1,0.1
271,1,2,0.07755838967424708
271,2,1,0.1
271,2,2,0.1958743085433313
272,1,1,0.1
272,1,2,0.07755838967424708
272,2,1,0.1
272,2,2,0.1958743085433313
273,1,1,0.1
273,1,2,0.07755838967424708
273,2,1,0.1
273,2,2,0.1958743085433313
274,1,1,0.1
274,1,2,0.07755838967424708
274,2,1,0.1
274,2,2,0.1958743085433313
275,1,1,0.1
275,1,2,0.07755838967424708
275,2,1,0.1
275,2,2,0.1958743085433313
276,1,1,0.1
276,1,2,0.07755838967424708
276,2,1,0.1
276,2,2,0.1958743085433313
277,1,1,0.1
277,1,2,0.07755838967424708
277,2,1,0.1
277,2,2,0.1958743085433313
278,1,1,0.1
278,1,2,0.07755838967424708
278,2,1,0.1
278,2,2,0.1958743085433313
279,1,1,0.1
279,1,2,0.07755838967424708
279,2,1,0.1
279,2,2,0.1958743085433313
280,1,1,0.1
280,1,2,0.07755838967424708
280,2,1,0.1
280,2,2,0.1958743085433313
281,1,1,0.1
281,1,2,0.07755838967424708
281,2,1,0.1
281,2,2,0.1958743085433313
282,1,1,0.1
282,1,2,0.07755838967424708
282,2,1,0.1
282,2,2,0.1958743085433313
283,1,1,0.1
283,1,2,0.07755838967424708
283,2,1,0.1
283,2,2,0.1958743085433313
284,1,1,0.1
284,1,2,0.07755838967424708
284,2,1,0.1
284,2,2,0.1958743085433313
285,1,1,0.1
285,1,2,0.07755838967424708
285,2,1,0.1
285,2,2,0.1958743085433313
286,1,1,0.1
286,1,2,0.07755838967424708
286,2,1,0.1
286,2,2,0.1958743085433313
287,1,1,0.1
287,1,2,0.07755838967424708
287,2,1,0.1
287,2,2,0.1958743085433313
288,1,1,0.1
288,1,2,0.07755838967424708
288,2,1,0.1
288,2,2,0.1958743085433313
289,1,1,0.1
289,1,2,0.07755838967424708
289,2,1,0.1
289,2,2,0.1958743085433313
290,1,1,0.1
290,1,2,0.07755838967424708
290,2,1,0.1
290,2,2,0.1958743085433313
291,1,1,0.1
291,1,2,0.07755838967424708
291,2,1,0.1
291,2,2,0.1958743085433313
292,1,1,0.1
292,1,2,0.07755838967424708
292,2,1,0.1
292,2,2,0.1958743085433313
293,1,1,0.1
293,1,2,0.07755838967424708
293,2,1,0.1
293,2,2,0.1958743085433313
294,1,1,0.1
294,1,2,0.07755838967424708
294,2,1,0.1
294,2,2,0.1958743085433313
295,1,1,0.1
295,1,2,0.07755838967424708
295,2,1,0.1
295,2,2,0.1958743085433313
296,1,1,0.1
296,1,2,0.07755838967424708
296,2,1,0.1
296,2,2,0.1958743085433313
297,1,1,0.1
297,1,2,0.07755838967424708
297,2,1,0.1
297,2,2,0.1958743085433313
298,1,1,0.1
298,1,2,0.07755838967424708
298,2,1,0.1
298,2,2,0.1958743085433313
299,1,1,0.1
299,1,2,0.07755838967424708
299,2,1,0.1
299,2,2,0.1958743085433313
300,1,1,0.1
300,1,2,0.07755838967424708
300,2,1,0.1
300,2,2,0.1958743085433313
301,1,1,0.1
301,1,2,0.07755838967424708
301,2,1,0.1
301,2,2,0.1958743085433313
302,1,1,0.1
302,1,2,0.07755838967424708
302,2,1,0.1
302,2,2,0.1958743085433313
303,1,1,0.1
303,1,2,0.07755838967424708
303,2,1,0.1
303,2,2,0.1958743085433313
304,1,1,0.1
304,1,2,0.07755838967424708
304,2,1,0.1
304,2,2,0.1958743085433313
305,1,1,0.1
305,1,2,0.07755838967424708
305,2,1,0.1
305,2,2,0.1958743085433313
306,1,1,0.1
306,1,2,0.07755838967424708
306,2,1,0.1
306,2,2,0.1958743085433313
307,1,1,0.1
307,1,2,0.07755838967424708
307,2,1,0.1
307,2,2,0.1958743085433313
308,1,1,0.1
308,1,2,0.07755838967424708
308,2,1,0.1
308,2,2,0.1958743085433313
309,1,1,0.1
309,1,2,0.07755838967424708
309,2,1,0.1
309,2,2,0.1958743085433313
310,1,1,0.1
310,1,2,0.07755838967424708
310,2,1,0.1
310,2,2,0.1958743085433313
311,1,1,0.1
311,1,2,0.07755838967424708
311,2,1,0.1
311,2,2,0.1958743085433313
312,1,1,0.1
312,1,2,0.07755838967424708
312,2,1,0.1
312,2,2,0.1958743085433313
313,1,1,0.1
313,1,2,0.07755838967424708
313,2,1,0.1
313,2,2,0.1958743085433313
314,1,1,0.1
314,1,2,0.07755838967424708
314,2,1,0.1
314,2,2,0.1958743085433313
315,1,1,0.1
315,1,2,0.07755838967424708
315,2,1,0.1
315,2,2,0.1958743085433313
316,1,1,0.1
316,1,2,0.07755838967424708
316,2,1,0.1
316,2,2,0.1958743085433313
317,1,1,0.1
317,1,2,0.07755838967424708
317,2,1,0.1
317,2,2,0.1958743085433313
318,1,1,0.1
318,1,2,0.07755838967424708
318,2,1,0.1
318,2,2,0.1958743085433313
319,1,1,0.1
319,1,2,0.07755838967424708
319,2,1,0.1
319,2,2,0.1958743085433313
320,1,1,0.1
320,1,2,0.07755838967424708
320,2,1,0.1
320,2,2,0.1958743085433313
321,1,1,0.1
321,1,2,0.07755838967424708
321,2,1,0.1
321,2,2,0.1958743085433313
322,1,1,0.1
322,1,2,0.07755838967424708
322,2,1,0.1
322,2,2,0.1958743085433313
323,1,1,0.1
323,1,2,0.07755838967424708
323,2,1,0.1
323,2,2,0.1958743085433313
324,1,1,0.1
324,1,2,0.07755838967424708
324,2,1,0.1
324,2,2,0.1958743085433313
325,1,1,0.1
325,1,2,0.07755838967424708
325,2,1,0.1
325,2,2,0.1958743085433313
326,1,1,0.1
326,1,2,0.07755838967424708
326,2,1,0.1
326,2,2,0.1958743085433313
327,1,1,0.1
327,1,2,0.07755838967424708
327,2,1,0.1
327,2,2,0.1958743085433313
328,1,1,0.1
328,1,2,0.07755838967424708
328,2,1,0.1
328,2,2,0.1958743085433313
329,1,1,0.1
329,1,2,0.07755838967424708
329,2,1,0.1
329,2,2,0.1958743085433313
330,1,1,0.1
330,1,2,0.07755838967424708
330,2,1,0.1
330,2,2,0.1958743085433313
331,1,1,0.1
331,1,2,0.07755838967424708
331,2,1,0.1
331,2,2,0.1958743085433313
332,1,1,0.1
332,1,2,0.07755838967424708
332,2,1,0.1
332,2,2,0.1958743085433313
333,1,1,0.1
333,1,2,0.07755838967424708
333,2,1,0.1
333,2,2,0.1958743085433313
334,1,1,0.1
334,1,2,0.07755838967424708
334,2,1,0.1
334,2,2,0.1958743085433313
335,1,1,0.1
335,1,2,0.07755838967424708
335,2,1,0.1
335,2,2,0.1958743085433313
336,1,1,0.1
336,1,2,0.07755838967424708
336,2,1,0.1
336,2,2,0.1958743085433313
337,1,1,0.1
337,1,2,0.07755838967424708
337,2,1,0.1
337,2,2,0.1958743085433313
338,1,1,0.1
338,1,2,0.07755838967424708
338,2,1,0.1
338,2,2,0.1958743085433313
339,1,1,0.1
339,1,2,0.07755838967424708
339,2,1,0.1
339,2,2,0.1958743085433313
340,1,1,0.1
340,1,2,0.07755838967424708
340,2,1,0.1
340,2,2,0.1958743085433313
341,1,1,0.1
341,1,2,0.07755838967424708
341,2,1,0.1
341,2,2,0.1958743085433313
342,1,1,0.1
342,1,2,0.07755838967424708
342,2,1,0.1
342,2,2,0.1958743085433313
343,1,1,0.1
343,1,2,0.07755838967424708
343,2,1,0.1
343,2,2,0.1958743085433313
344,1,1,0.1
344,1,2,0.07755838967424708
344,2,1,0.1
344,2,2,0.1958743085433313
345,1,1,0.1
345,1,2,0.07755838967424708
345,2,1,0.1
345,2,2,0.1958743085433313
346,1,1,0.1
346,1,2,0.07755838967424708
346,2,1,0.1
346,2,2,0.1958743085433313
347,1,1,0.1
347,1,2,0.07755838967424708
347,2,1,0.1
347,2,2,0.1958743085433313
348,1,1,0.1
348,1,2,0.07755838967424708
348,2,1,0.1
348,2,2,0.1958743085433313
349,1,1,0.1
349,1,2,0.07755838967424708
349,2,1,0.1
349,2,2,0.1958743085433313
350,1,1,0.1
350,1,2,0.07755838967424708
350,2,1,0.1
350,2,2,0.1958743085433313
351,1,1,0.1
351,1,2,0.07755838967424708
351,2,1,0.1
351,2,2,0.1958743085433313
352,1,1,0.1
352,1,2,0.07755838967424708
352,2,1,0.1
352,2,2,0.1958743085433313
353,1,1,0.1
353,1,2,0.07755838967424708
353,2,1,0.1
353,2,2,0.1958743085433313
354,1,1,0.1
354,1,2,0.07755838967424708
354,2,1,0.1
354,2,2,0.1958743085433313
355,1,1,0.1
355,1,2,0.07755838967424708
355,2,1,0.1
355,2,2,0.1958743085433313
356,1,1,0.1
356,1,2,0.07755838967424708
356,2,1,0.1
356,2,2,0.1958743085433313
357,1,1,0.1
357,1,2,0.07755838967424708
357,2,1,0.1
357,2,2,0.1958743085433313
358,1,1,0.1
358,1,2,0.07755838967424708
358,2,1,0.1
358,2,2,0.1958743085433313
359,1,1,0.1
359,1,2,0.07755838967424708
359,2,1,0.1
359,2,2,0.1958743085433313
360,1,1,0.1
360,1,2,0.07755838967424708
360,2,1,0.1
360,2,2,0.1958743085433313
361,1,1,0.1
361,1,2,0.07755838967424708
361,2,1,0.1
361,2,2,0.1958743085433313
362,1,1,0.1
362,1,2,0.07755838967424708
362,2,1,0.1
362,2,2,0.1958743085433313
363,1,1,0.1
363,1,2,0.07755838967424708
363,2,1,0.1
363,2,2,0.1958743085433313
364,1,1,0.1
364,1,2,0.07755838967424708
364,2,1,0.1
364,2,2,0.1958743085433313
365,1,1,0.1
365,1,2,0.07755838967424708
365,2,1,0.1
365,2,2,0.1958743085433313
366,1,1,0.1
366,1,2,0.07755838967424708
366,2,1,0.1
366,2,2,0.1958743085433313
367,1,1,0.1
367,1,2,0.07755838967424708
367,2,1,0.1
367,2,2,0.1958743085433313
368,1,1,0.1
368,1,2,0.07755838967424708
368,2,1,0.1
368,2,2,0.1958743085433313
369,1,1,0.1
369,1,2,0.07755838967424708
369,2,1,0.1
369,2,2,0.1958743085433313
370,1,1,0.1
370,1,2,0.07755838967424708
370,2,1,0.1
370,2,2,0.1958743085433313
371,1,1,0.1
371,1,2,0.07755838967424708
371,2,1,0.1
371,2,2,0.1958743085433313
372,1,1,0.1
372,1,2,0.07755838967424708
372,2,1,0.1
372,2,2,0.1958743085433313
373,1,1,0.1
373,1,2,0.07755838967424708
373,2,1,0.1
373,2,2,0.1958743085433313
374,1,1,0.1
374,1,2,0.07755838967424708
374,2,1,0.1
374,2,2,0.1958743085433313
375,1,1,0.1
375,1,2,0.07755838967424708
375,2,1,0.1
375,2,2,0.1958743085433313
376,1,1,0.1
376,1,2,0.07755838967424708
376,2,1,0.1
376,2,2,0.1958743085433313
377,1,1,0.1
377,1,2,0.07755838967424708
377,2,1,0.1
377,2,2,0.1958743085433313
378,1,1,0.1
378,1,2,0.07755838967424708
378,2,1,0.1
378,2,2,0.1958743085433313
379,1,1,0.1
379,1,2,0.07755838967424708
379,2,1,0.1
379,2,2,0.1958743085433313
380,1,1,0.1
380,1,2,0.07755838967424708
380,2,1,0.1
380,2,2,0.1958743085433313
381,1,1,0.1
381,1,2,0.07755838967424708
381,2,1,0.1
381,2,2,0.1958743085433313
382,1,1,0.1
382,1,2,0.07755838967424708
382,2,1,0.1
382,2,2,0.1958743085433313
383,1,1,0.1
383,1,2,0.07755838967424708
383,2,1,0.1
383,2,2,0.1958743085433313
384,1,1,0.1
384,1,2,0.07755838967424708
384,2,1,0.1
384,2,2,0.1958743085433313
385,1,1,0.1
385,1,2,0.07755838967424708
385,2,1,0.1
385,2,2,0.1958743085433313
386,1,1,0.1
386,1,2,0.07755838967424708
386,2,1,0.1
386,2,2,0.1958743085433313
387,1,1,0.1
387,1,2,0.07755838967424708
387,2,1,0.1
387,2,2,0.1958743085433313
388,1,1,0.1
388,1,2,0.07755838967424708
388,2,1,0.1
388,2,2,0.1958743085433313
389,1,1,0.1
389,1,2,0.07755838967424708
389,2,1,0.1
389,2,2,0.1958743085433313
390,1,1,0.1
390,1,2,0.07755838967424708
390,2,1,0.1
390,2,2,0.1958743085433313
391,1,1,0.1
391,1,2,0.07755838967424708
391,2,1,0.1
391,2,2,0.1958743085433313
392,1,1,0.1
392,1,2,0.07755838967424708
392,2,1,0.1
392,2,2,0.1958743085433313
393,1,1,0.1
393,1,2,0.07755838967424708
393,2,1,0.1
393,2,2,0.1958743085433313
394,1,1,0.1
394,1,2,0.07755838967424708
394,2,1,0.1
394,2,2,0.1958743085433313
395,1,1,0.1
395,1,2,0.07755838967424708
395,2,1,0.1
395,2,2,0.1958743085433313
396,1,1,0.1
396,1,2,0.07755838967424708
396,2,1,0.1
396,2,2,0.1958743085433313
397,1,1,0.1
397,1,2,0.07755838967424708
397,2,1,0.1
397,2,2,0.1958743085433313
398,1,1,0.1
398,1,2,0.07755838967424708
398,2,1,0.1
398,2,2,0.1958743085433313
399,1,1,0.1
399,1,2,0.07755838967424708
399,2,1,0.1
399,2,2,0.1958743085433313
400,1,1,0.1
400,1,2,0.07755838967424708
400,2,1,0.1
400,2,2,0.1958743085433313
401,1,1,0.1
401,1,2,0.07755838967424708
401,2,1,0.1
401,2,2,0.1958743085433313
402,1,1,0.1
402,1,2,0.07755838967424708
402,2,1,0.1
402,2,2,0.1958743085433313
403,1,1,0.1
403,1,2,0.07755838967424708
403,2,1,0.1
403,2,2,0.1958743085433313
404,1,1,0.1
404,1,2,0.07755838967424708
404,2,1,0.1
404,2,2,0.1958743085433313
405,1,1,0.1
405,1,2,0.07755838967424708
405,2,1,0.1
405,2,2,0.1958743085433313
406,1,1,0.1
406,1,2,0.07755838967424708
406,2,1,0.1
406,2,2,0.1958743085433313
407,1,1,0.1
407,1,2,0.07755838967424708
407,2,1,0.1
407,2,2,0.1958743085433313
408,1,1,0.1
408,1,2,0.07755838967424708
408,2,1,0.1
408,2,2,0.1958743085433313
409,1,1,0.1
409,1,2,0.07755838967424708
409,2,1,0.1
409,2,2,0.1958743085433313
410,1,1,0.1
410,1,2,0.07755838967424708
410,2,1,0.1
410,2,2,0.1958743085433313
411,1,1,0.1
411,1,2,0.07755838967424708
411,2,1,0.1
411,2,2,0.1958743085433313
412,1,1,0.1
412,1,2,0.07755838967424708
412,2,1,0.1
412,2,2,0.1958743085433313
413,1,1,0.1
413,1,2,0.07755838967424708
413,2,1,0.1
413,2,2,0.1958743085433313
414,1,1,0.1
414,1,2,0.07755838967424708
414,2,1,0.1
414,2,2,0.1958743085433313
415,1,1,0.1
415,1,2,0.07755838967424708
415,2,1,0.1
415,2,2,0.1958743085433313
416,1,1,0.1
416,1,2,0.07755838967424708
416,2,1,0.1
416,2,2,0.1958743085433313
417,1,1,0.1
417,1,2,0.07755838967424708
417,2,1,0.1
417,2,2,0.1958743085433313
418,1,1,0.1
418,1,2,0.07755838967424708
418,2,1,0.1
418,2,2,0.1958743085433313
419,1,1,0.1
419,1,2,0.07755838967424708
419,2,1,0.1
419,2,2,0.1958743085433313
420,1,1,0.1
420,1,2,0.07755838967424708
420,2,1,0.1
420,2,2,0.1958743085433313
421,1,1,0.1
421,1,2,0.07755838967424708
421,2,1,0.1
421,2,2,0.1958743085433313
422,1,1,0.1
422,1,2,0.07755838967424708
422,2,1,0.1
422,2,2,0.1958743085433313
423,1,1,0.1
423,1,2,0.07755838967424708
423,2,1,0.1
423,2,2,0.1958743085433313
424,1,1,0.1
424,1,2,0.07755838967424708
424,2,1,0.1
424,2,2,0.1958743085433313
425,1,1,0.1
425,1,2,0.07755838967424708
425,2,1,0.1
425,2,2,0.1958743085433313
426,1,1,0.1
426,1,2,0.07755838967424708
426,2,1,0.1
426,2,2,0.1958743085433313
427,1,1,0.1
427,1,2,0.07755838967424708
427,2,1,0.1
427,2,2,0.1958743085433313
428,1,1,0.1
428,1,2,0.07755838967424708
428,2,1,0.1
428,2,2,0.1958743085433313
429,1,1,0.1
429,1,2,0.07755838967424708
429,2,1,0.1
429,2,2,0.1958743085433313
430,1,1,0.1
430,1,2,0.07755838967424708
430,2,1,0.1
430,2,2,0.1958743085433313
431,1,1,0.1
431,1,2,0.07755838967424708
431,2,1,0.1
431,2,2,0.1958743085433313
432,1,1,0.1
432,1,2,0.07755838967424708
432,2,1,0.1
432,2,2,0.1958743085433313
433,1,1,0.1
433,1,2,0.07755838967424708
433,2,1,0.1
433,2,2,0.1958743085433313
434,1,1,0.1
434,1,2,0.07755838967424708
434,2,1,0.1
434,2,2,0.1958743085433313
435,1,1,0.1
435,1,2,0.07755838967424708
435,2,1,0.1
435,2,2,0.1958743085433313
436,1,1,0.1
436,1,2,0.07755838967424708
436,2,1,0.1
436,2,2,0.1958743085433313
437,1,1,0.1
437,1,2,0.07755838967424708
437,2,1,0.1
437,2,2,0.1958743085433313
438,1,1,0.1
438,1,2,0.07755838967424708
438,2,1,0.1
438,2,2,0.1958743085433313
439,1,1,0.1
439,1,2,0.07755838967424708
439,2,1,0.1
439,2,2,0.1958743085433313
440,1,1,0.1
440,1,2,0.07755838967424708
440,2,1,0.1
440,2,2,0.1958743085433313
441,1,1,0.1
441,1,2,0.07755838967424708
441,2,1,0.1
441,2,2,0.1958743085433313
442,1,1,0.1
442,1,2,0.07755838967424708
442,2,1,0.1
442,2,2,0.1958743085433313
443,1,1,0.1
443,1,2,0.07755838967424708
443,2,1,0.1
443,2,2,0.1958743085433313
444,1,1,0.1
444,1,2,0.07755838967424708
444,2,1,0.1
444,2,2,0.1958743085433313
445,1,1,0.1
445,1,2,0.07755838967424708
445,2,1,0.1
445,2,2,0.1958743085433313
446,1,1,0.1
446,1,2,0.07755838967424708
446,2,1,0.1
446,2,2,0.1958743085433313
447,1,1,0.1
447,1,2,0.07755838967424708
447,2,1,0.1
447,2,2,0.1958743085433313
448,1,1,0.1
448,1,2,0.07755838967424708
448,2,1,0.1
448,2,2,0.1958743085433313
449,1,1,0.1
449,1,2,0.07755838967424708
449,2,1,0.1
449,2,2,0.1958743085433313
450,1,1,0.1
450,1,2,0.07755838967424708
450,2,1,0.1
450,2,2,0.1958743085433313
451,1,1,0.1
451,1,2,0.07755838967424708
451,2,1,0.1
451,2,2,0.1958743085433313
452,1,1,0.1
452,1,2,0.07755838967424708
452,2,1,0.1
452,2,2,0.1958743085433313
453,1,1,0.1
453,1,2,0.07755838967424708
453,2,1,0.1
453,2,2,0.1958743085433313
454,1,1,0.1
454,1,2,0.07755838967424708
454,2,1,0.1
454,2,2,0.1958743085433313
455,1,1,0.1
455,1,2,0.07755838967424708
455,2,1,0.1
455,2,2,0.1958743085433313
456,1,1,0.1
456,1,2,0.07755838967424708
456,2,1,0.1
456,2,2,0.1958743085433313
457,1,1,0.1
457,1,2,0.07755838967424708
457,2,1,0.1
457,2,2,0.1958743085433313
458,1,1,0.1
458,1,2,0.07755838967424708
458,2,1,0.1
458,2,2,0.1958743085433313
459,1,1,0.1
459,1,2,0.07755838967424708
459,2,1,0.1
459,2,2,0.1958743085433313
460,1,1,0.1
460,1,2,0.07755838967424708
460,2,1,0.1
460,2,2,0.1958743085433313
461,1,1,0.1
461,1,2,0.07755838967424708
461,2,1,0.1
461,2,2,0.1958743085433313
462,1,1,0.1
462,1,2,0.07755838967424708
462,2,1,0.1
462,2,2,0.1958743085433313
463,1,1,0.1
463,1,2,0.07755838967424708
463,2,1,0.1
463,2,2,0.1958743085433313
464,1,1,0.1
464,1,2,0.07755838967424708
464,2,1,0.1
464,2,2,0.1958743085433313
465,1,1,0.1
465,1,2,0.07755838967424708
465,2,1,0.1
465,2,2,0.1958743085433313
466,1,1,0.1
466,1,2,0.07755838967424708
466,2,1,0.1
466,2,2,0.1958743085433313
467,1,1,0.1
467,1,2,0.07755838967424708
467,2,1,0.1
467,2,2,0.1958743085433313
468,1,1,0.1
468,1,2,0.07755838967424708
468,2,1,0.1
468,2,2,0.1958743085433313
469,1,1,0.1
469,1,2,0.07755838967424708
469,2,1,0.1
469,2,2,0.1958743085433313
470,1,1,0.1
470,1,2,0.07755838967424708
470,2,1,0.1
470,2,2,0.1958743085433313
471,1,1,0.1
471,1,2,0.07755838967424708
471,2,1,0.1
471,2,2,0.1958743085433313
472,1,1,0.1
472,1,2,0.07755838967424708
472,2,1,0.1
472,2,2,0.1958743085433313
473,1,1,0.1
473,1,2,0.07755838967424708
473,2,1,0.1
473,2,2,0.1958743085433313
474,1,1,0.1
474,1,2,0.07755838967424708
474,2,1,0.1
474,2,2,0.1958743085433313
475,1,1,0.1
475,1,2,0.07755838967424708
475,2,1,0.1
475,2,2,0.1958743085433313
476,1,1,0.1
476,1,2,0.07755838967424708
476,2,1,0.1
476,2,2,0.1958743085433313
477,1,1,0.1
477,1,2,0.07755838967424708
477,2,1,0.1
477,2,2,0.1958743085433313
478,1,1,0.1
478,1,2,0.07755838967424708
478,2,1,0.1
478,2,2,0.1958743085433313
479,1,1,0.1
479,1,2,0.07755838967424708
479,2,1,0.1
479,2,2,0.1958743085433313
480,1,1,0.1
480,1,2,0.07755838967424708
480,2,1,0.1
480,2,2,0.1958743085433313
481,1,1,0.1
481,1,2,0.07755838967424708
481,2,1,0.1
481,2,2,0.1958743085433313
482,1,1,0.1
482,1,2,0.07755838967424708
482,2,1,0.1
482,2,2,0.1958743085433313
483,1,1,0.1
483,1,2,0.07755838967424708
483,2,1,0.1
483,2,2,0.1958743085433313
484,1,1,0.1
484,1,2,0.07755838967424708
484,2,1,0.1
484,2,2,0.1958743085433313
485,1,1,0.1
485,1,2,0.07755838967424708
485,2,1,0.1
485,2,2,0.1958743085433313
486,1,1,0.1
486,1,2,0.07755838967424708
486,2,1,0.1
486,2,2,0.1958743085433313
487,1,1,0.1
487,1,2,0.07755838967424708
487,2,1,0.1
487,2,2,0.1958743085433313
488,1,1,0.1
488,1,2,0.07755838967424708
488,2,1,0.1
488,2,2,0.1958743085433313
489,1,1,0.1
489,1,2,0.07755838967424708
489,2,1,0.1
489,2,2,0.1958743085433313
490,1,1,0.1
490,1,2,0.07755838967424708
490,2,1,0.1
490,2,2,0.1958743085433313
491,1,1,0.1
491,1,2,0.07755838967424708
491,2,1,0.1
491,2,2,0.1958743085433313
492,1,1,0.1
492,1,2,0.07755838967424708
492,2,1,0.1
492,2,2,0.1958743085433313
493,1,1,0.1
493,1,2,0.07755838967424708
493,2,1,0.1
493,2,2,0.1958743085433313
494,1,1,0.1
494,1,2,0.07755838967424708
494,2,1,0.1
494,2,2,0.1958743085433313
495,1,1,0.1
495,1,2,0.07755838967424708
495,2,1,0.1
495,2,2,0.1958743085433313
496,1,1,0.1
496,1,2,0.07755838967424708
496,2,1,0.1
496,2,2,0.1958743085433313
497,1,1,0.1
497,1,2,0.07755838967424708
497,2,1,0.1
497,2,2,0.1958743085433313
498,1,1,0.1
498,1,2,0.07755838967424708
498,2,1,0.1
498,2,2,0.1958743085433313
499,1,1,0.1
499,1,2,0.07755838967424708
499,2,1,0.1
499,2,2,0.1958743085433313
500,1,1,0.1
500,1,2,0.07755838967424708
500,2,1,0.1
500,2,2,0.1958743085433313
501,1,1,0.1
501,1,2,0.07755838967424708
501,2,1,0.1
501,2,2,0.1958743085433313
502,1,1,0.1
502,1,2,0.07755838967424708
502,2,1,0.1
502,2,2,0.1958743085433313
503,1,1,0.1
503,1,2,0.07755838967424708
503,2,1,0.1
503,2,2,0.1958743085433313
504,1,1,0.1
504,1,2,0.07755838967424708
504,2,1,0.1
504,2,2,0.1958743085433313
505,1,1,0.1
505,1,2,0.07755838967424708
505,2,1,0.1
505,2,2,0.1958743085433313
506,1,1,0.1
506,1,2,0.07755838967424708
506,2,1,0.1
506,2,2,0.1958743085433313
507,1,1,0.1
507,1,2,0.07755838967424708
507,2,1,0.1
507,2,2,0.1958743085433313
508,1,1,0.1
508,1,2,0.07755838967424708
508,2,1,0.1
508,2,2,0.1958743085433313
509,1,1,0.1
509,1,2,0.07755838967424708
509,2,1,0.1
509,2,2,0.1958743085433313
510,1,1,0.1
510,1,2,0.07755838967424708
510,2,1,0.1
510,2,2,0.1958743085433313
511,1,1,0.1
511,1,2,0.07755838967424708
511,2,1,0.1
511,2,2,0.1958743085433313
512,1,1,0.1
512,1,2,0.07755838967424708
512,2,1,0.1
512,2,2,0.1958743085433313
513,1,1,0.1
513,1,2,0.07755838967424708
513,2,1,0.1
513,2,2,0.1958743085433313
514,1,1,0.1
514,1,2,0.07755838967424708
514,2,1,0.1
514,2,2,0.1958743085433313
515,1,1,0.1
515,1,2,0.07755838967424708
515,2,1,0.1
515,2,2,0.1958743085433313
516,1,1,0.1
516,1,2,0.07755838967424708
516,2,1,0.1
516,2,2,0.1958743085433313
517,1,1,0.1
517,1,2,0.07755838967424708
517,2,1,0.1
517,2,2,0.1958743085433313
518,1,1,0.1
518,1,2,0.07755838967424708
518,2,1,0.1
518,2,2,0.1958743085433313
519,1,1,0.1
519,1,2,0.07755838967424708
519,2,1,0.1
519,2,2,0.1958743085433313
520,1,1,0.1
520,1,2,0.07755838967424708
520,2,1,0.1
520,2,2,0.1958743085433313
521,1,1,0.1
521,1,2,0.07755838967424708
521,2,1,0.1
521,2,2,0.1958743085433313
522,1,1,0.1
522,1,2,0.07755838967424708
522,2,1,0.1
522,2,2,0.1958743085433313
523,1,1,0.1
523,1,2,0.07755838967424708
523,2,1,0.1
523,2,2,0.1958743085433313
524,1,1,0.1
524,1,2,0.07755838967424708
524,2,1,0.1
524,2,2,0.1958743085433313
525,1,1,0.1
525,1,2,0.07755838967424708
525,2,1,0.1
525,2,2,0.1958743085433313
526,1,1,0.1
526,1,2,0.07755838967424708
526,2,1,0.1
526,2,2,0.1958743085433313
527,1,1,0.1
527,1,2,0.07755838967424708
527,2,1,0.1
527,2,2,0.1958743085433313
528,1,1,0.1
528,1,2,0.07755838967424708
528,2,1,0.1
528,2,2,0.1958743085433313
529,1,1,0.1
529,1,2,0.07755838967424708
529,2,1,0.1
529,2,2,0.1958743085433313
530,1,1,0.1
530,1,2,0.07755838967424708
530,2,1,0.1
530,2,2,0.1958743085433313
531,1,1,0.1
531,1,2,0.07755838967424708
531,2,1,0.1
531,2,2,0.1958743085433313
532,1,1,0.1
532,1,2,0.07755838967424708
532,2,1,0.1
532,2,2,0.1958743085433313
533,1,1,0.1
533,1,2,0.07755838967424708
533,2,1,0.1
533,2,2,0.1958743085433313
534,1,1,0.1
534,1,2,0.07755838967424708
534,2,1,0.1
534,2,2,0.1958743085433313
535,1,1,0.1
535,1,2,0.07755838967424708
535,2,1,0.1
535,2,2,0.1958743085433313
536,1,1,0.1
536,1,2,0.07755838967424708
536,2,1,0.1
536,2,2,0.1958743085433313
537,1,1,0.1
537,1,2,0.07755838967424708
537,2,1,0.1
537,2,2,0.1958743085433313
538,1,1,0.1
538,1,2,0.07755838967424708
538,2,1,0.1
538,2,2,0.1958743085433313
539,1,1,0.1
539,1,2,0.07755838967424708
539,2,1,0.1
539,2,2,0.1958743085433313
540,1,1,0.1
540,1,2,0.07755838967424708
540,2,1,0.1
540,2,2,0.1958743085433313
541,1,1,0.1
541,1,2,0.07755838967424708
541,2,1,0.1
541,2,2,0.1958743085433313
542,1,1,0.1
542,1,2,0.07755838967424708
542,2,1,0.1
542,2,2,0.1958743085433313
543,1,1,0.1
543,1,2,0.07755838967424708
543,2,1,0.1
543,2,2,0.1958743085433313
544,1,1,0.1
544,1,2,0.07755838967424708
544,2,1,0.1
544,2,2,0.1958743085433313
545,1,1,0.1
545,1,2,0.07755838967424708
545,2,1,0.1
545,2,2,0.1958743085433313
546,1,1,0.1
546,1,2,0.07755838967424708
546,2,1,0.1
546,2,2,0.1958743085433313
547,1,1,0.1
547,1,2,0.07755838967424708
547,2,1,0.1
547,2,2,0.1958743085433313
548,1,1,0.1
548,1,2,0.07755838967424708
548,2,1,0.1
548,2,2,0.1958743085433313
549,1,1,0.1
549,1,2,0.07755838967424708
549,2,1,0.1
549,2,2,0.1958743085433313
550,1,1,0.1
550,1,2,0.07755838967424708
550,2,1,0.1
550,2,2,0.1958743085433313
551,1,1,0.1
551,1,2,0.07755838967424708
551,2,1,0.1
551,2,2,0.1958743085433313
552,1,1,0.1
552,1,2,0.07755838967424708
552,2,1,0.1
552,2,2,0.1958743085433313
553,1,1,0.1
553,1,2,0.07755838967424708
553,2,1,0.1
553,2,2,0.1958743085433313
554,1,1,0.1
554,1,2,0.07755838967424708
554,2,1,0.1
554,2,2,0.1958743085433313
555,1,1,0.1
555,1,2,0.07755838967424708
555,2,1,0.1
555,2,2,0.1958743085433313
556,1,1,0.1
556,1,2,0.07755838967424708
556,2,1,0.1
556,2,2,0.1958743085433313
557,1,1,0.1
557,1,2,0.07755838967424708
557,2,1,0.1
557,2,2,0.1958743085433313
558,1,1,0.1
558,1,2,0.07755838967424708
558,2,1,0.1
558,2,2,0.1958743085433313
559,1,1,0.1
559,1,2,0.07755838967424708
559,2,1,0.1
559,2,2,0.1958743085433313
560,1,1,0.1
560,1,2,0.07755838967424708
560,2,1,0.1
560,2,2,0.1958743085433313
561,1,1,0.1
561,1,2,0.07755838967424708
561,2,1,0.1
561,2,2,0.1958743085433313
562,1,1,0.1
562,1,2,0.07755838967424708
562,2,1,0.1
562,2,2,0.1958743085433313
563,1,1,0.1
563,1,2,0.07755838967424708
563,2,1,0.1
563,2,2,0.1958743085433313
564,1,1,0.1
564,1,2,0.07755838967424708
564,2,1,0.1
564,2,2,0.1958743085433313
565,1,1,0.1
565,1,2,0.07755838967424708
565,2,1,0.1
565,2,2,0.1958743085433313
566,1,1,0.1
566,1,2,0.07755838967424708
566,2,1,0.1
566,2,2,0.1958743085433313
567,1,1,0.1
567,1,2,0.07755838967424708
567,2,1,0.1
567,2,2,0.1958743085433313
568,1,1,0.1
568,1,2,0.07755838967424708
568,2,1,0.1
568,2,2,0.1958743085433313
569,1,1,0.1
569,1,2,0.07755838967424708
569,2,1,0.1
569,2,2,0.1958743085433313
570,1,1,0.1
570,1,2,0.07755838967424708
570,2,1,0.1
570,2,2,0.1958743085433313
571,1,1,0.1
571,1,2,0.07755838967424708
571,2,1,0.1
571,2,2,0.1958743085433313
572,1,1,0.1
572,1,2,0.07755838967424708
572,2,1,0.1
572,2,2,0.1958743085433313
573,1,1,0.1
573,1,2,0.07755838967424708
573,2,1,0.1
573,2,2,0.1958743085433313
574,1,1,0.1
574,1,2,0.07755838967424708
574,2,1,0.1
574,2,2,0.1958743085433313
575,1,1,0.1
575,1,2,0.07755838967424708
575,2,1,0.1
575,2,2,0.1958743085433313
576,1,1,0.1
576,1,2,0.07755838967424708
576,2,1,0.1
576,2,2,0.1958743085433313
577,1,1,0.1
577,1,2,0.07755838967424708
577,2,1,0.1
577,2,2,0.1958743085433313
578,1,1,0.1
578,1,2,0.07755838967424708
578,2,1,0.1
578,2,2,0.1958743085433313
579,1,1,0.1
579,1,2,0.07755838967424708
579,2,1,0.1
579,2,2,0.1958743085433313
580,1,1,0.1
580,1,2,0.07755838967424708
580,2,1,0.1
580,2,2,0.1958743085433313
581,1,1,0.1
581,1,2,0.07755838967424708
581,2,1,0.1
581,2,2,0.1958743085433313
582,1,1,0.1
582,1,2,0.07755838967424708
582,2,1,0.1
582,2,2,0.1958743085433313
583,1,1,0.1
583,1,2,0.07755838967424708
583,2,1,0.1
583,2,2,0.1958743085433313
584,1,1,0.1
584,1,2,0.07755838967424708
584,2,1,0.1
584,2,2,0.1958743085433313
585,1,1,0.1
585,1,2,0.07755838967424708
585,2,1,0.1
585,2,2,0.1958743085433313
586,1,1,0.1
586,1,2,0.07755838967424708
586,2,1,0.1
586,2,2,0.1958743085433313
587,1,1,0.1
587,1,2,0.07755838967424708
587,2,1,0.1
587,2,2,0.1958743085433313
588,1,1,0.1
588,1,2,0.07755838967424708
588,2,1,0.1
588,2,2,0.1958743085433313
589,1,1,0.1
589,1,2,0.07755838967424708
589,2,1,0.1
589,2,2,0.1958743085433313
590,1,1,0.1
590,1,2,0.07755838967424708
590,2,1,0.1
590,2,2,0.1958743085433313
591,1,1,0.1
591,1,2,0.07755838967424708
591,2,1,0.1
591,2,2,0.1958743085433313
592,1,1,0.1
592,1,2,0.07755838967424708
592,2,1,0.1
592,2,2,0.1958743085433313
593,1,1,0.1
593,1,2,0.07755838967424708
593,2,1,0.1
593,2,2,0.1958743085433313
594,1,1,0.1
594,1,2,0.07755838967424708
594,2,1,0.1
594,2,2,0.1958743085433313
595,1,1,0.1
595,1,2,0.07755838967424708
595,2,1,0.1
595,2,2,0.1958743085433313
596,1,1,0.1
596,1,2,0.07755838967424708
596,2,1,0.1
596,2,2,0.1958743085433313
597,1,1,0.1
597,1,2,0.07755838967424708
597,2,1,0.1
597,2,2,0.1958743085433313
598,1,1,0.1
598,1,2,0.07755838967424708
598,2,1,0.1
598,2,2,0.1958743085433313
599,1,1,0.1
599,1,2,0.07755838967424708
599,2,1,0.1
599,2,2,0.1958743085433313
600,1,1,0.1
600,1,2,0.07755838967424708
600,2,1,0.1
600,2,2,0.1958743085433313
601,1,1,0.1
601,1,2,0.07755838967424708
601,2,1,0.1
601,2,2,0.1958743085433313
602,1,1,0.1
602,1,2,0.07755838967424708
602,2,1,0.1
602,2,2,0.1958743085433313
603,1,1,0.1
603,1,2,0.07755838967424708
603,2,1,0.1
603,2,2,0.1958743085433313
604,1,1,0.1
604,1,2,0.07755838967424708
604,2,1,0.1
604,2,2,0.1958743085433313
605,1,1,0.1
605,1,2,0.07755838967424708
605,2,1,0.1
605,2,2,0.1958743085433313
606,1,1,0.1
606,1,2,0.07755838967424708
606,2,1,0.1
606,2,2,0.1958743085433313
607,1,1,0.1
607,1,2,0.07755838967424708
607,2,1,0.1
607,2,2,0.1958743085433313
608,1,1,0.1
608,1,2,0.07755838967424708
608,2,1,0.1
608,2,2,0.1958743085433313
609,1,1,0.1
609,1,2,0.07755838967424708
609,2,1,0.1
609,2,2,0.1958743085433313
610,1,1,0.1
610,1,2,0.07755838967424708
610,2,1,0.1
610,2,2,0.1958743085433313
611,1,1,0.1
611,1,2,0.07755838967424708
611,2,1,0.1
611,2,2,0.1958743085433313
612,1,1,0.1
612,1,2,0.07755838967424708
612,2,1,0.1
612,2,2,0.1958743085433313
613,1,1,0.1
613,1,2,0.07755838967424708
613,2,1,0.1
613,2,2,0.1958743085433313
614,1,1,0.1
614,1,2,0.07755838967424708
614,2,1,0.1
614,2,2,0.1958743085433313
615,1,1,0.1
615,1,2,0.07755838967424708
615,2,1,0.1
615,2,2,0.1958743085433313
616,1,1,0.1
616,1,2,0.07755838967424708
616,2,1,0.1
616,2,2,0.1958743085433313
617,1,1,0.1
617,1,2,0.07755838967424708
617,2,1,0.1
617,2,2,0.1958743085433313
618,1,1,0.1
618,1,2,0.07755838967424708
618,2,1,0.1
618,2,2,0.1958743085433313
619,1,1,0.1
619,1,2,0.07755838967424708
619,2,1,0.1
619,2,2,0.1958743085433313
620,1,1,0.1
620,1,2,0.07755838967424708
620,2,1,0.1
620,2,2,0.1958743085433313
621,1,1,0.1
621,1,2,0.07755838967424708
621,2,1,0.1
621,2,2,0.1958743085433313
622,1,1,0.1
622,1,2,0.07755838967424708
622,2,1,0.1
622,2,2,0.1958743085433313
623,1,1,0.1
623,1,2,0.07755838967424708
623,2,1,0.1
623,2,2,0.1958743085433313
624,1,1,0.1
624,1,2,0.07755838967424708
624,2,1,0.1
624,2,2,0.1958743085433313
625,1,1,0.1
625,1,2,0.07755838967424708
625,2,1,0.1
625,2,2,0.1958743085433313
626,1,1,0.1
626,1,2,0.07755838967424708
626,2,1,0.1
626,2,2,0.1958743085433313
627,1,1,0.1
627,1,2,0.07755838967424708
627,2,1,0.1
627,2,2,0.1958743085433313
628,1,1,0.1
628,1,2,0.07755838967424708
628,2,1,0.1
628,2,2,0.1958743085433313
629,1,1,0.1
629,1,2,0.07755838967424708
629,2,1,0.1
629,2,2,0.1958743085433313
630,1,1,0.1
630,1,2,0.07755838967424708
630,2,1,0.1
630,2,2,0.1958743085433313
631,1,1,0.1
631,1,2,0.07755838967424708
631,2,1,0.1
631,2,2,0.1958743085433313
632,1,1,0.1
632,1,2,0.07755838967424708
632,2,1,0.1
632,2,2,0.1958743085433313
633,1,1,0.1
633,1,2,0.07755838967424708
633,2,1,0.1
633,2,2,0.1958743085433313
634,1,1,0.1
634,1,2,0.07755838967424708
634,2,1,0.1
634,2,2,0.1958743085433313
635,1,1,0.1
635,1,2,0.07755838967424708
635,2,1,0.1
635,2,2,0.1958743085433313
636,1,1,0.1
636,1,2,0.07755838967424708
636,2,1,0.1
636,2,2,0.1958743085433313
637,1,1,0.1
637,1,2,0.07755838967424708
637,2,1,0.1
637,2,2,0.1958743085433313
638,1,1,0.1
638,1,2,0.07755838967424708
638,2,1,0.1
638,2,2,0.1958743085433313
639,1,1,0.1
639,1,2,0.07755838967424708
639,2,1,0.1
639,2,2,0.1958743085433313
640,1,1,0.1
640,1,2,0.07755838967424708
640,2,1,0.1
640,2,2,0.1958743085433313
641,1,1,0.1
641,1,2,0.07755838967424708
641,2,1,0.1
641,2,2,0.1958743085433313
642,1,1,0.1
642,1,2,0.07755838967424708
642,2,1,0.1
642,2,2,0.1958743085433313
643,1,1,0.1
643,1,2,0.07755838967424708
643,2,1,0.1
643,2,2,0.1958743085433313
644,1,1,0.1
644,1,2,0.07755838967424708
644,2,1,0.1
644,2,2,0.1958743085433313
645,1,1,0.1
645,1,2,0.07755838967424708
645,2,1,0.1
645,2,2,0.1958743085433313
646,1,1,0.1
646,1,2,0.07755838967424708
646,2,1,0.1
646,2,2,0.1958743085433313
647,1,1,0.1
647,1,2,0.07755838967424708
647,2,1,0.1
647,2,2,0.1958743085433313
648,1,1,0.1
648,1,2,0.07755838967424708
648,2,1,0.1
648,2,2,0.1958743085433313
649,1,1,0.1
649,1,2,0.07755838967424708
649,2,1,0.1
649,2,2,0.1958743085433313
650,1,1,0.1
650,1,2,0.07755838967424708
650,2,1,0.1
650,2,2,0.1958743085433313
651,1,1,0.1
651,1,2,0.07755838967424708
651,2,1,0.1
651,2,2,0.1958743085433313
652,1,1,0.1
652,1,2,0.07755838967424708
652,2,1,0.1
652,2,2,0.1958743085433313
653,1,1,0.1
653,1,2,0.07755838967424708
653,2,1,0.1
653,2,2,0.1958743085433313
654,1,1,0.1
654,1,2,0.07755838967424708
654,2,1,0.1
654,2,2,0.1958743085433313
655,1,1,0.1
655,1,2,0.07755838967424708
655,2,1,0.1
655,2,2,0.1958743085433313
656,1,1,0.1
656,1,2,0.07755838967424708
656,2,1,0.1
656,2,2,0.1958743085433313
657,1,1,0.1
657,1,2,0.07755838967424708
657,2,1,0.1
657,2,2,0.1958743085433313
658,1,1,0.1
658,1,2,0.07755838967424708
658,2,1,0.1
658,2,2,0.1958743085433313
659,1,1,0.1
659,1,2,0.07755838967424708
659,2,1,0.1
659,2,2,0.1958743085433313
660,1,1,0.1
660,1,2,0.07755838967424708
660,2,1,0.1
660,2,2,0.1958743085433313
661,1,1,0.1
661,1,2,0.07755838967424708
661,2,1,0.1
661,2,2,0.1958743085433313
662,1,1,0.1
662,1,2,0.07755838967424708
662,2,1,0.1
662,2,2,0.1958743085433313
663,1,1,0.1
663,1,2,0.07755838967424708
663,2,1,0.1
663,2,2,0.1958743085433313
664,1,1,0.1
664,1,2,0.07755838967424708
664,2,1,0.1
664,2,2,0.1958743085433313
665,1,1,0.1
665,1,2,0.07755838967424708
665,2,1,0.1
665,2,2,0.1958743085433313
666,1,1,0.1
666,1,2,0.07755838967424708
666,2,1,0.1
666,2,2,0.1958743085433313
667,1,1,0.1
667,1,2,0.07755838967424708
667,2,1,0.1
667,2,2,0.1958743085433313
668,1,1,0.1
668,1,2,0.07755838967424708
668,2,1,0.1
668,2,2,0.1958743085433313
669,1,1,0.1
669,1,2,0.07755838967424708
669,2,1,0.1
669,2,2,0.1958743085433313
670,1,1,0.1
670,1,2,0.07755838967424708
670,2,1,0.1
670,2,2,0.1958743085433313
671,1,1,0.1
671,1,2,0.07755838967424708
671,2,1,0.1
671,2,2,0.1958743085433313
672,1,1,0.1
672,1,2,0.07755838967424708
672,2,1,0.1
672,2,2,0.1958743085433313
673,1,1,0.1
673,1,2,0.07755838967424708
673,2,1,0.1
673,2,2,0.1958743085433313
674,1,1,0.1
674,1,2,0.07755838967424708
674,2,1,0.1
674,2,2,0.1958743085433313
675,1,1,0.1
675,1,2,0.07755838967424708
675,2,1,0.1
675,2,2,0.1958743085433313
676,1,1,0.1
676,1,2,0.07755838967424708
676,2,1,0.1
676,2,2,0.1958743085433313
677,1,1,0.1
677,1,2,0.07755838967424708
677,2,1,0.1
677,2,2,0.1958743085433313
678,1,1,0.1
678,1,2,0.07755838967424708
678,2,1,0.1
678,2,2,0.1958743085433313
679,1,1,0.1
679,1,2,0.07755838967424708
679,2,1,0.1
679,2,2,0.1958743085433313
680,1,1,0.1
680,1,2,0.07755838967424708
680,2,1,0.1
680,2,2,0.1958743085433313
681,1,1,0.1
681,1,2,0.07755838967424708
681,2,1,0.1
681,2,2,0.1958743085433313
682,1,1,0.1
682,1,2,0.07755838967424708
682,2,1,0.1
682,2,2,0.1958743085433313
683,1,1,0.1
683,1,2,0.07755838967424708
683,2,1,0.1
683,2,2,0.1958743085433313
684,1,1,0.1
684,1,2,0.07755838967424708
684,2,1,0.1
684,2,2,0.1958743085433313
685,1,1,0.1
685,1,2,0.07755838967424708
685,2,1,0.1
685,2,2,0.1958743085433313
686,1,1,0.1
686,1,2,0.07755838967424708
686,2,1,0.1
686,2,2,0.1958743085433313
687,1,1,0.1
687,1,2,0.07755838967424708
687,2,1,0.1
687,2,2,0.1958743085433313
688,1,1,0.1
688,1,2,0.07755838967424708
688,2,1,0.1
688,2,2,0.1958743085433313
689,1,1,0.1
689,1,2,0.07755838967424708
689,2,1,0.1
689,2,2,0.1958743085433313
690,1,1,0.1
690,1,2,0.07755838967424708
690,2,1,0.1
690,2,2,0.1958743085433313
691,1,1,0.1
691,1,2,0.07755838967424708
691,2,1,0.1
691,2,2,0.1958743085433313
692,1,1,0.1
692,1,2,0.07755838967424708
692,2,1,0.1
692,2,2,0.1958743085433313
693,1,1,0.1
693,1,2,0.07755838967424708
693,2,1,0.1
693,2,2,0.1958743085433313
694,1,1,0.1
694,1,2,0.07755838967424708
694,2,1,0.1
694,2,2,0.1958743085433313
695,1,1,0.1
695,1,2,0.07755838967424708
695,2,1,0.1
695,2,2,0.1958743085433313
696,1,1,0.1
696,1,2,0.07755838967424708
696,2,1,0.1
696,2,2,0.1958743085433313
697,1,1,0.1
697,1,2,0.07755838967424708
697,2,1,0.1
697,2,2,0.1958743085433313
698,1,1,0.1
698,1,2,0.07755838967424708
698,2,1,0.1
698,2,2,0.1958743085433313
699,1,1,0.1
699,1,2,0.07755838967424708
699,2,1,0.1
699,2,2,0.1958743085433313
700,1,1,0.1
700,1,2,0.07755838967424708
700,2,1,0.1
700,2,2,0.1958743085433313
701,1,1,0.1
701,1,2,0.07755838967424708
701,2,1,0.1
701,2,2,0.1958743085433313
702,1,1,0.1
702,1,2,0.07755838967424708
702,2,1,0.1
702,2,2,0.1958743085433313
703,1,1,0.1
703,1,2,0.07755838967424708
703,2,1,0.1
703,2,2,0.1958743085433313
704,1,1,0.1
704,1,2,0.07755838967424708
704,2,1,0.1
704,2,2,0.1958743085433313
705,1,1,0.1
705,1,2,0.07755838967424708
705,2,1,0.1
705,2,2,0.1958743085433313
706,1,1,0.1
706,1,2,0.07755838967424708
706,2,1,0.1
706,2,2,0.1958743085433313
707,1,1,0.1
707,1,2,0.07755838967424708
707,2,1,0.1
707,2,2,0.1958743085433313
708,1,1,0.1
708,1,2,0.07755838967424708
708,2,1,0.1
708,2,2,0.1958743085433313
709,1,1,0.1
709,1,2,0.07755838967424708
709,2,1,0.1
709,2,2,0.1958743085433313
710,1,1,0.1
710,1,2,0.07755838967424708
710,2,1,0.1
710,2,2,0.1958743085433313
711,1,1,0.1
711,1,2,0.07755838967424708
711,2,1,0.1
711,2,2,0.1958743085433313
712,1,1,0.1
712,1,2,0.07755838967424708
712,2,1,0.1
712,2,2,0.1958743085433313
713,1,1,0.1
713,1,2,0.07755838967424708
713,2,1,0.1
713,2,2,0.1958743085433313
714,1,1,0.1
714,1,2,0.07755838967424708
714,2,1,0.1
714,2,2,0.1958743085433313
715,1,1,0.1
715,1,2,0.07755838967424708
715,2,1,0.1
715,2,2,0.1958743085433313
716,1,1,0.1
716,1,2,0.07755838967424708
716,2,1,0.1
716,2,2,0.1958743085433313
717,1,1,0.1
717,1,2,0.07755838967424708
717,2,1,0.1
717,2,2,0.1958743085433313
718,1,1,0.1
718,1,2,0.07755838967424708
718,2,1,0.1
718,2,2,0.1958743085433313
719,1,1,0.1
719,1,2,0.07755838967424708
719,2,1,0.1
719,2,2,0.1958743085433313
720,1,1,0.1
720,1,2,0.07755838967424708
720,2,1,0.1
720,2,2,0.1958743085433313
721,1,1,0.1
721,1,2,0.07755838967424708
721,2,1,0.1
721,2,2,0.1958743085433313
722,1,1,0.1
722,1,2,0.07755838967424708
722,2,1,0.1
722,2,2,0.1958743085433313
723,1,1,0.1
723,1,2,0.07755838967424708
723,2,1,0.1
723,2,2,0.1958743085433313
724,1,1,0.1
724,1,2,0.07755838967424708
724,2,1,0.1
724,2,2,0.1958743085433313
725,1,1,0.1
725,1,2,0.07755838967424708
725,2,1,0.1
725,2,2,0.1958743085433313
726,1,1,0.1
726,1,2,0.07755838967424708
726,2,1,0.1
726,2,2,0.1958743085433313
727,1,1,0.1
727,1,2,0.07755838967424708
727,2,1,0.1
727,2,2,0.1958743085433313
728,1,1,0.1
728,1,2,0.07755838967424708
728,2,1,0.1
728,2,2,0.1958743085433313
729,1,1,0.1
729,1,2,0.07755838967424708
729,2,1,0.1
729,2,2,0.1958743085433313
730,1,1,0.1
730,1,2,0.07755838967424708
730,2,1,0.1
730,2,2,0.1958743085433313
731,1,1,0.1
731,1,2,0.07755838967424708
731,2,1,0.1
731,2,2,0.1958743085433313
732,1,1,0.1
732,1,2,0.07755838967424708
732,2,1,0.1
732,2,2,0.1958743085433313
733,1,1,0.1
733,1,2,0.07755838967424708
733,2,1,0.1
733,2,2,0.1958743085433313
734,1,1,0.1
734,1,2,0.07755838967424708
734,2,1,0.1
734,2,2,0.1958743085433313
735,1,1,0.1
735,1,2,0.07755838967424708
735,2,1,0.1
735,2,2,0.1958743085433313
736,1,1,0.1
736,1,2,0.07755838967424708
736,2,1,0.1
736,2,2,0.1958743085433313
737,1,1,0.1
737,1,2,0.07755838967424708
737,2,1,0.1
737,2,2,0.1958743085433313
738,1,1,0.1
738,1,2,0.07755838967424708
738,2,1,0.1
738,2,2,0.1958743085433313
739,1,1,0.1
739,1,2,0.07755838967424708
739,2,1,0.1
739,2,2,0.1958743085433313
740,1,1,0.1
740,1,2,0.07755838967424708
740,2,1,0.1
740,2,2,0.1958743085433313
741,1,1,0.1
741,1,2,0.07755838967424708
741,2,1,0.1
741,2,2,0.1958743085433313
742,1,1,0.1
742,1,2,0.07755838967424708
742,2,1,0.1
742,2,2,0.1958743085433313
743,1,1,0.1
743,1,2,0.07755838967424708
743,2,1,0.1
743,2,2,0.1958743085433313
744,1,1,0.1
744,1,2,0.07755838967424708
744,2,1,0.1
744,2,2,0.1958743085433313
745,1,1,0.1
745,1,2,0.07755838967424708
745,2,1,0.1
745,2,2,0.1958743085433313
746,1,1,0.1
746,1,2,0.07755838967424708
746,2,1,0.1
746,2,2,0.1958743085433313
747,1,1,0.1
747,1,2,0.07755838967424708
747,2,1,0.1
747,2,2,0.1958743085433313
748,1,1,0.1
748,1,2,0.07755838967424708
748,2,1,0.1
748,2,2,0.1958743085433313
749,1,1,0.1
749,1,2,0.07755838967424708
749,2,1,0.1
749,2,2,0.1958743085433313
750,1,1,0.1
750,1,2,0.07755838967424708
750,2,1,0.1
750,2,2,0.1958743085433313
751,1,1,0.1
751,1,2,0.07755838967424708
751,2,1,0.1
751,2,2,0.1958743085433313
752,1,1,0.1
752,1,2,0.07755838967424708
752,2,1,0.1
752,2,2,0.1958743085433313
753,1,1,0.1
753,1,2,0.07755838967424708
753,2,1,0.1
753,2,2,0.1958743085433313
754,1,1,0.1
754,1,2,0.07755838967424708
754,2,1,0.1
754,2,2,0.1958743085433313
755,1,1,0.1
755,1,2,0.07755838967424708
755,2,1,0.1
755,2,2,0.1958743085433313
756,1,1,0.1
756,1,2,0.07755838967424708
756,2,1,0.1
756,2,2,0.1958743085433313
757,1,1,0.1
757,1,2,0.07755838967424708
757,2,1,0.1
757,2,2,0.1958743085433313
758,1,1,0.1
758,1,2,0.07755838967424708
758,2,1,0.1
758,2,2,0.1958743085433313
759,1,1,0.1
759,1,2,0.07755838967424708
759,2,1,0.1
759,2,2,0.1958743085433313
760,1,1,0.1
760,1,2,0.07755838967424708
760,2,1,0.1
760,2,2,0.1958743085433313
761,1,1,0.1
761,1,2,0.07755838967424708
761,2,1,0.1
761,2,2,0.1958743085433313
762,1,1,0.1
762,1,2,0.07755838967424708
762,2,1,0.1
762,2,2,0.1958743085433313
763,1,1,0.1
763,1,2,0.07755838967424708
763,2,1,0.1
763,2,2,0.1958743085433313
764,1,1,0.1
764,1,2,0.07755838967424708
764,2,1,0.1
764,2,2,0.1958743085433313
765,1,1,0.1
765,1,2,0.07755838967424708
765,2,1,0.1
765,2,2,0.1958743085433313
766,1,1,0.1
766,1,2,0.07755838967424708
766,2,1,0.1
766,2,2,0.1958743085433313
767,1,1,0.1
767,1,2,0.07755838967424708
767,2,1,0.1
767,2,2,0.1958743085433313
768,1,1,0.1
768,1,2,0.07755838967424708
768,2,1,0.1
768,2,2,0.1958743085433313
769,1,1,0.1
769,1,2,0.07755838967424708
769,2,1,0.1
769,2,2,0.1958743085433313
770,1,1,0.1
770,1,2,0.07755838967424708
770,2,1,0.1
770,2,2,0.1958743085433313
771,1,1,0.1
771,1,2,0.07755838967424708
771,2,1,0.1
771,2,2,0.1958743085433313
772,1,1,0.1
772,1,2,0.07755838967424708
772,2,1,0.1
772,2,2,0.1958743085433313
773,1,1,0.1
773,1,2,0.07755838967424708
773,2,1,0.1
773,2,2,0.1958743085433313
774,1,1,0.1
774,1,2,0.07755838967424708
774,2,1,0.1
774,2,2,0.1958743085433313
775,1,1,0.1
775,1,2,0.07755838967424708
775,2,1,0.1
775,2,2,0.1958743085433313
776,1,1,0.1
776,1,2,0.07755838967424708
776,2,1,0.1
776,2,2,0.1958743085433313
777,1,1,0.1
777,1,2,0.07755838967424708
777,2,1,0.1
777,2,2,0.1958743085433313
778,1,1,0.1
778,1,2,0.07755838967424708
778,2,1,0.1
778,2,2,0.1958743085433313
779,1,1,0.1
779,1,2,0.07755838967424708
779,2,1,0.1
779,2,2,0.1958743085433313
780,1,1,0.1
780,1,2,0.07755838967424708
780,2,1,0.1
780,2,2,0.1958743085433313
781,1,1,0.1
781,1,2,0.07755838967424708
781,2,1,0.1
781,2,2,0.1958743085433313
782,1,1,0.1
782,1,2,0.07755838967424708
782,2,1,0.1
782,2,2,0.1958743085433313
783,1,1,0.1
783,1,2,0.07755838967424708
783,2,1,0.1
783,2,2,0.1958743085433313
784,1,1,0.1
784,1,2,0.07755838967424708
784,2,1,0.1
784,2,2,0.1958743085433313
785,1,1,0.1
785,1,2,0.07755838967424708
785,2,1,0.1
785,2,2,0.1958743085433313
786,1,1,0.1
786,1,2,0.07755838967424708
786,2,1,0.1
786,2,2,0.1958743085433313
787,1,1,0.1
787,1,2,0.07755838967424708
787,2,1,0.1
787,2,2,0.1958743085433313
788,1,1,0.1
788,1,2,0.07755838967424708
788,2,1,0.1
788,2,2,0.1958743085433313
789,1,1,0.1
789,1,2,0.07755838967424708
789,2,1,0.1
789,2,2,0.1958743085433313
790,1,1,0.1
790,1,2,0.07755838967424708
790,2,1,0.1
790,2,2,0.1958743085433313
791,1,1,0.1
791,1,2,0.07755838967424708
791,2,1,0.1
791,2,2,0.1958743085433313
792,1,1,0.1
792,1,2,0.07755838967424708
792,2,1,0.1
792,2,2,0.1958743085433313
793,1,1,0.1
793,1,2,0.07755838967424708
793,2,1,0.1
793,2,2,0.1958743085433313
794,1,1,0.1
794,1,2,0.07755838967424708
794,2,1,0.1
794,2,2,0.1958743085433313
795,1,1,0.1
795,1,2,0.07755838967424708
795,2,1,0.1
795,2,2,0.1958743085433313
796,1,1,0.1
796,1,2,0.07755838967424708
796,2,1,0.1
796,2,2,0.1958743085433313
797,1,1,0.1
797,1,2,0.07755838967424708
797,2,1,0.1
797,2,2,0.1958743085433313
798,1,1,0.1
798,1,2,0.07755838967424708
798,2,1,0.1
798,2,2,0.1958743085433313
799,1,1,0.1
799,1,2,0.07755838967424708
799,2,1,0.1
799,2,2,0.1958743085433313
800,1,1,0.1
800,1,2,0.07755838967424708
800,2,1,0.1
800,2,2,0.1958743085433313
801,1,1,0.1
801,1,2,0.07755838967424708
801,2,1,0.1
801,2,2,0.1958743085433313
802,1,1,0.1
802,1,2,0.07755838967424708
802,2,1,0.1
802,2,2,0.1958743085433313
803,1,1,0.1
803,1,2,0.07755838967424708
803,2,1,0.1
803,2,2,0.1958743085433313
804,1,1,0.1
804,1,2,0.07755838967424708
804,2,1,0.1
804,2,2,0.1958743085433313
805,1,1,0.1
805,1,2,0.07755838967424708
805,2,1,0.1
805,2,2,0.1958743085433313
806,1,1,0.1
806,1,2,0.07755838967424708
806,2,1,0.1
806,2,2,0.1958743085433313
807,1,1,0.1
807,1,2,0.07755838967424708
807,2,1,0.1
807,2,2,0.1958743085433313
808,1,1,0.1
808,1,2,0.07755838967424708
808,2,1,0.1
808,2,2,0.1958743085433313
809,1,1,0.1
809,1,2,0.07755838967424708
809,2,1,0.1
809,2,2,0.1958743085433313
810,1,1,0.1
810,1,2,0.07755838967424708
810,2,1,0.1
810,2,2,0.1958743085433313
811,1,1,0.1
811,1,2,0.07755838967424708
811,2,1,0.1
811,2,2,0.1958743085433313
812,1,1,0.1
812,1,2,0.07755838967424708
812,2,1,0.1
812,2,2,0.1958743085433313
813,1,1,0.1
813,1,2,0.07755838967424708
813,2,1,0.1
813,2,2,0.1958743085433313
814,1,1,0.1
814,1,2,0.07755838967424708
814,2,1,0.1
814,2,2,0.1958743085433313
815,1,1,0.1
815,1,2,0.07755838967424708
815,2,1,0.1
815,2,2,0.1958743085433313
816,1,1,0.1
816,1,2,0.07755838967424708
816,2,1,0.1
816,2,2,0.1958743085433313
817,1,1,0.1
817,1,2,0.07755838967424708
817,2,1,0.1
817,2,2,0.1958743085433313
818,1,1,0.1
818,1,2,0.07755838967424708
818,2,1,0.1
818,2,2,0.1958743085433313
819,1,1,0.1
819,1,2,0.07755838967424708
819,2,1,0.1
819,2,2,0.1958743085433313
820,1,1,0.1
820,1,2,0.07755838967424708
820,2,1,0.1
820,2,2,0.1958743085433313
821,1,1,0.1
821,1,2,0.07755838967424708
821,2,1,0.1
821,2,2,0.1958743085433313
822,1,1,0.1
822,1,2,0.07755838967424708
822,2,1,0.1
822,2,2,0.1958743085433313
823,1,1,0.1
823,1,2,0.07755838967424708
823,2,1,0.1
823,2,2,0.1958743085433313
824,1,1,0.1
824,1,2,0.07755838967424708
824,2,1,0.1
824,2,2,0.1958743085433313
825,1,1,0.1
825,1,2,0.07755838967424708
825,2,1,0.1
825,2,2,0.1958743085433313
826,1,1,0.1
826,1,2,0.07755838967424708
826,2,1,0.1
826,2,2,0.1958743085433313
827,1,1,0.1
827,1,2,0.07755838967424708
827,2,1,0.1
827,2,2,0.1958743085433313
828,1,1,0.1
828,1,2,0.07755838967424708
828,2,1,0.1
828,2,2,0.1958743085433313
829,1,1,0.1
829,1,2,0.07755838967424708
829,2,1,0.1
829,2,2,0.1958743085433313
830,1,1,0.1
830,1,2,0.07755838967424708
830,2,1,0.1
830,2,2,0.1958743085433313
831,1,1,0.1
831,1,2,0.07755838967424708
831,2,1,0.1
831,2,2,0.1958743085433313
832,1,1,0.1
832,1,2,0.07755838967424708
832,2,1,0.1
832,2,2,0.1958743085433313
833,1,1,0.1
833,1,2,0.07755838967424708
833,2,1,0.1
833,2,2,0.1958743085433313
834,1,1,0.1
834,1,2,0.07755838967424708
834,2,1,0.1
834,2,2,0.1958743085433313
835,1,1,0.1
835,1,2,0.07755838967424708
835,2,1,0.1
835,2,2,0.1958743085433313
836,1,1,0.1
836,1,2,0.07755838967424708
836,2,1,0.1
836,2,2,0.1958743085433313
837,1,1,0.1
837,1,2,0.07755838967424708
837,2,1,0.1
837,2,2,0.1958743085433313
838,1,1,0.1
838,1,2,0.07755838967424708
838,2,1,0.1
838,2,2,0.1958743085433313
839,1,1,0.1
839,1,2,0.07755838967424708
839,2,1,0.1
839,2,2,0.1958743085433313
840,1,1,0.1
840,1,2,0.07755838967424708
840,2,1,0.1
840,2,2,0.1958743085433313
841,1,1,0.1
841,1,2,0.07755838967424708
841,2,1,0.1
841,2,2,0.1958743085433313
842,1,1,0.1
842,1,2,0.07755838967424708
842,2,1,0.1
842,2,2,0.1958743085433313
843,1,1,0.1
843,1,2,0.07755838967424708
843,2,1,0.1
843,2,2,0.1958743085433313
844,1,1,0.1
844,1,2,0.07755838967424708
844,2,1,0.1
844,2,2,0.1958743085433313
845,1,1,0.1
845,1,2,0.07755838967424708
845,2,1,0.1
845,2,2,0.1958743085433313
846,1,1,0.1
846,1,2,0.07755838967424708
846,2,1,0.1
846,2,2,0.1958743085433313
847,1,1,0.1
847,1,2,0.07755838967424708
847,2,1,0.1
847,2,2,0.1958743085433313
848,1,1,0.1
848,1,2,0.07755838967424708
848,2,1,0.1
848,2,2,0.1958743085433313
849,1,1,0.1
849,1,2,0.07755838967424708
849,2,1,0.1
849,2,2,0.1958743085433313
850,1,1,0.1
850,1,2,0.07755838967424708
850,2,1,0.1
850,2,2,0.1958743085433313
851,1,1,0.1
851,1,2,0.07755838967424708
851,2,1,0.1
851,2,2,0.1958743085433313
852,1,1,0.1
852,1,2,0.07755838967424708
852,2,1,0.1
852,2,2,0.1958743085433313
853,1,1,0.1
853,1,2,0.07755838967424708
853,2,1,0.1
853,2,2,0.1958743085433313
854,1,1,0.1
854,1,2,0.07755838967424708
854,2,1,0.1
854,2,2,0.1958743085433313
855,1,1,0.1
855,1,2,0.07755838967424708
855,2,1,0.1
855,2,2,0.1958743085433313
856,1,1,0.1
856,1,2,0.07755838967424708
856,2,1,0.1
856,2,2,0.1958743085433313
857,1,1,0.1
857,1,2,0.07755838967424708
857,2,1,0.1
857,2,2,0.1958743085433313
858,1,1,0.1
858,1,2,0.07755838967424708
858,2,1,0.1
858,2,2,0.1958743085433313
859,1,1,0.1
859,1,2,0.07755838967424708
859,2,1,0.1
859,2,2,0.1958743085433313
860,1,1,0.1
860,1,2,0.07755838967424708
860,2,1,0.1
860,2,2,0.1958743085433313
861,1,1,0.1
861,1,2,0.07755838967424708
861,2,1,0.1
861,2,2,0.1958743085433313
862,1,1,0.1
862,1,2,0.07755838967424708
862,2,1,0.1
862,2,2,0.1958743085433313
863,1,1,0.1
863,1,2,0.07755838967424708
863,2,1,0.1
863,2,2,0.1958743085433313
864,1,1,0.1
864,1,2,0.07755838967424708
864,2,1,0.1
864,2,2,0.1958743085433313
865,1,1,0.1
865,1,2,0.07755838967424708
865,2,1,0.1
865,2,2,0.1958743085433313
866,1,1,0.1
866,1,2,0.07755838967424708
866,2,1,0.1
866,2,2,0.1958743085433313
867,1,1,0.1
867,1,2,0.07755838967424708
867,2,1,0.1
867,2,2,0.1958743085433313
868,1,1,0.1
868,1,2,0.07755838967424708
868,2,1,0.1
868,2,2,0.1958743085433313
869,1,1,0.1
869,1,2,0.07755838967424708
869,2,1,0.1
869,2,2,0.1958743085433313
870,1,1,0.1
870,1,2,0.07755838967424708
870,2,1,0.1
870,2,2,0.1958743085433313
871,1,1,0.1
871,1,2,0.07755838967424708
871,2,1,0.1
871,2,2,0.1958743085433313
872,1,1,0.1
872,1,2,0.07755838967424708
872,2,1,0.1
872,2,2,0.1958743085433313
873,1,1,0.1
873,1,2,0.07755838967424708
873,2,1,0.1
873,2,2,0.1958743085433313
874,1,1,0.1
874,1,2,0.07755838967424708
874,2,1,0.1
874,2,2,0.1958743085433313
875,1,1,0.1
875,1,2,0.07755838967424708
875,2,1,0.1
875,2,2,0.1958743085433313
876,1,1,0.1
876,1,2,0.07755838967424708
876,2,1,0.1
876,2,2,0.1958743085433313
877,1,1,0.1
877,1,2,0.07755838967424708
877,2,1,0.1
877,2,2,0.1958743085433313
878,1,1,0.1
878,1,2,0.07755838967424708
878,2,1,0.1
878,2,2,0.1958743085433313
879,1,1,0.1
879,1,2,0.07755838967424708
879,2,1,0.1
879,2,2,0.1958743085433313
880,1,1,0.1
880,1,2,0.07755838967424708
880,2,1,0.1
880,2,2,0.1958743085433313
881,1,1,0.1
881,1,2,0.07755838967424708
881,2,1,0.1
881,2,2,0.1958743085433313
882,1,1,0.1
882,1,2,0.07755838967424708
882,2,1,0.1
882,2,2,0.1958743085433313
883,1,1,0.1
883,1,2,0.07755838967424708
883,2,1,0.1
883,2,2,0.1958743085433313
884,1,1,0.1
884,1,2,0.07755838967424708
884,2,1,0.1
884,2,2,0.1958743085433313
885,1,1,0.1
885,1,2,0.07755838967424708
885,2,1,0.1
885,2,2,0.1958743085433313
886,1,1,0.1
886,1,2,0.07755838967424708
886,2,1,0.1
886,2,2,0.1958743085433313
887,1,1,0.1
887,1,2,0.07755838967424708
887,2,1,0.1
887,2,2,0.1958743085433313
888,1,1,0.1
888,1,2,0.07755838967424708
888,2,1,0.1
888,2,2,0.1958743085433313
889,1,1,0.1
889,1,2,0.07755838967424708
889,2,1,0.1
889,2,2,0.1958743085433313
890,1,1,0.1
890,1,2,0.07755838967424708
890,2,1,0.1
890,2,2,0.1958743085433313
891,1,1,0.1
891,1,2,0.07755838967424708
891,2,1,0.1
891,2,2,0.1958743085433313
892,1,1,0.1
892,1,2,0.07755838967424708
892,2,1,0.1
892,2,2,0.1958743085433313
893,1,1,0.1
893,1,2,0.07755838967424708
893,2,1,0.1
893,2,2,0.1958743085433313
894,1,1,0.1
894,1,2,0.07755838967424708
894,2,1,0.1
894,2,2,0.1958743085433313
895,1,1,0.1
895,1,2,0.07755838967424708
895,2,1,0.1
895,2,2,0.1958743085433313
896,1,1,0.1
896,1,2,0.07755838967424708
896,2,1,0.1
896,2,2,0.1958743085433313
897,1,1,0.1
897,1,2,0.07755838967424708
897,2,1,0.1
897,2,2,0.1958743085433313
898,1,1,0.1
898,1,2,0.07755838967424708
898,2,1,0.1
898,2,2,0.1958743085433313
899,1,1,0.1
899,1,2,0.07755838967424708
899,2,1,0.1
899,2,2,0.1958743085433313
900,1,1,0.1
900,1,2,0.07755838967424708
900,2,1,0.1
900,2,2,0.1958743085433313
901,1,1,0.1
901,1,2,0.07755838967424708
901,2,1,0.1
901,2,2,0.1958743085433313
902,1,1,0.1
902,1,2,0.07755838967424708
902,2,1,0.1
902,2,2,0.1958743085433313
903,1,1,0.1
903,1,2,0.07755838967424708
903,2,1,0.1
903,2,2,0.1958743085433313
904,1,1,0.1
904,1,2,0.07755838967424708
904,2,1,0.1
904,2,2,0.1958743085433313
905,1,1,0.1
905,1,2,0.07755838967424708
905,2,1,0.1
905,2,2,0.1958743085433313
906,1,1,0.1
906,1,2,0.07755838967424708
906,2,1,0.1
906,2,2,0.1958743085433313
907,1,1,0.1
907,1,2,0.07755838967424708
907,2,1,0.1
907,2,2,0.1958743085433313
908,1,1,0.1
908,1,2,0.07755838967424708
908,2,1,0.1
908,2,2,0.1958743085433313
909,1,1,0.1
909,1,2,0.07755838967424708
909,2,1,0.1
909,2,2,0.1958743085433313
910,1,1,0.1
910,1,2,0.07755838967424708
910,2,1,0.1
910,2,2,0.1958743085433313
911,1,1,0.1
911,1,2,0.07755838967424708
911,2,1,0.1
911,2,2,0.1958743085433313
912,1,1,0.1
912,1,2,0.07755838967424708
912,2,1,0.1
912,2,2,0.1958743085433313
913,1,1,0.1
913,1,2,0.07755838967424708
913,2,1,0.1
913,2,2,0.1958743085433313
914,1,1,0.1
914,1,2,0.07755838967424708
914,2,1,0.1
914,2,2,0.1958743085433313
915,1,1,0.1
915,1,2,0.07755838967424708
915,2,1,0.1
915,2,2,0.1958743085433313
916,1,1,0.1
916,1,2,0.07755838967424708
916,2,1,0.1
916,2,2,0.1958743085433313
917,1,1,0.1
917,1,2,0.07755838967424708
917,2,1,0.1
917,2,2,0.1958743085433313
918,1,1,0.1
918,1,2,0.07755838967424708
918,2,1,0.1
918,2,2,0.1958743085433313
919,1,1,0.1
919,1,2,0.07755838967424708
919,2,1,0.1
919,2,2,0.1958743085433313
920,1,1,0.1
920,1,2,0.07755838967424708
920,2,1,0.1
920,2,2,0.1958743085433313
921,1,1,0.1
921,1,2,0.07755838967424708
921,2,1,0.1
921,2,2,0.1958743085433313
922,1,1,0.1
922,1,2,0.07755838967424708
922,2,1,0.1
922,2,2,0.1958743085433313
923,1,1,0.1
923,1,2,0.07755838967424708
923,2,1,0.1
923,2,2,0.1958743085433313
924,1,1,0.1
924,1,2,0.07755838967424708
924,2,1,0.1
924,2,2,0.1958743085433313
925,1,1,0.1
925,1,2,0.07755838967424708
925,2,1,0.1
925,2,2,0.1958743085433313
926,1,1,0.1
926,1,2,0.07755838967424708
926,2,1,0.1
926,2,2,0.1958743085433313
927,1,1,0.1
927,1,2,0.07755838967424708
927,2,1,0.1
927,2,2,0.1958743085433313
928,1,1,0.1
928,1,2,0.07755838967424708
928,2,1,0.1
928,2,2,0.1958743085433313
929,1,1,0.1
929,1,2,0.07755838967424708
929,2,1,0.1
929,2,2,0.1958743085433313
930,1,1,0.1
930,1,2,0.07755838967424708
930,2,1,0.1
930,2,2,0.1958743085433313
931,1,1,0.1
931,1,2,0.07755838967424708
931,2,1,0.1
931,2,2,0.1958743085433313
932,1,1,0.1
932,1,2,0.07755838967424708
932,2,1,0.1
932,2,2,0.1958743085433313
933,1,1,0.1
933,1,2,0.07755838967424708
933,2,1,0.1
933,2,2,0.1958743085433313
934,1,1,0.1
934,1,2,0.07755838967424708
934,2,1,0.1
934,2,2,0.1958743085433313
935,1,1,0.1
935,1,2,0.07755838967424708
935,2,1,0.1
935,2,2,0.1958743085433313
936,1,1,0.1
936,1,2,0.07755838967424708
936,2,1,0.1
936,2,2,0.1958743085433313
937,1,1,0.1
937,1,2,0.07755838967424708
937,2,1,0.1
937,2,2,0.1958743085433313
938,1,1,0.1
938,1,2,0.07755838967424708
938,2,1,0.1
938,2,2,0.1958743085433313
939,1,1,0.1
939,1,2,0.07755838967424708
939,2,1,0.1
939,2,2,0.1958743085433313
940,1,1,0.1
940,1,2,0.07755838967424708
940,2,1,0.1
940,2,2,0.1958743085433313
941,1,1,0.1
941,1,2,0.07755838967424708
941,2,1,0.1
941,2,2,0.1958743085433313
942,1,1,0.1
942,1,2,0.07755838967424708
942,2,1,0.1
942,2,2,0.1958743085433313
943,1,1,0.1
943,1,2,0.07755838967424708
943,2,1,0.1
943,2,2,0.1958743085433313
944,1,1,0.1
944,1,2,0.07755838967424708
944,2,1,0.1
944,2,2,0.1958743085433313
945,1,1,0.1
945,1,2,0.07755838967424708
945,2,1,0.1
945,2,2,0.1958743085433313
946,1,1,0.1
946,1,2,0.07755838967424708
946,2,1,0.1
946,2,2,0.1958743085433313
947,1,1,0.1
947,1,2,0.07755838967424708
947,2,1,0.1
947,2,2,0.1958743085433313
948,1,1,0.1
948,1,2,0.07755838967424708
948,2,1,0.1
948,2,2,0.1958743085433313
949,1,1,0.1
949,1,2,0.07755838967424708
949,2,1,0.1
949,2,2,0.1958743085433313
950,1,1,0.1
950,1,2,0.07755838967424708
950,2,1,0.1
950,2,2,0.1958743085433313
951,1,1,0.1
951,1,2,0.07755838967424708
951,2,1,0.1
951,2,2,0.1958743085433313
952,1,1,0.1
952,1,2,0.07755838967424708
952,2,1,0.1
952,2,2,0.1958743085433313
953,1,1,0.1
953,1,2,0.07755838967424708
953,2,1,0.1
953,2,2,0.1958743085433313
954,1,1,0.1
954,1,2,0.07755838967424708
954,2,1,0.1
954,2,2,0.1958743085433313
955,1,1,0.1
955,1,2,0.07755838967424708
955,2,1,0.1
955,2,2,0.1958743085433313
956,1,1,0.1
956,1,2,0.07755838967424708
956,2,1,0.1
956,2,2,0.1958743085433313
957,1,1,0.1
957,1,2,0.07755838967424708
957,2,1,0.1
957,2,2,0.1958743085433313
958,1,1,0.1
958,1,2,0.07755838967424708
958,2,1,0.1
958,2,2,0.1958743085433313
959,1,1,0.1
959,1,2,0.07755838967424708
959,2,1,0.1
959,2,2,0.1958743085433313
960,1,1,0.1
960,1,2,0.07755838967424708
960,2,1,0.1
960,2,2,0.1958743085433313
961,1,1,0.1
961,1,2,0.07755838967424708
961,2,1,0.1
961,2,2,0.1958743085433313
962,1,1,0.1
962,1,2,0.07755838967424708
962,2,1,0.1
962,2,2,0.1958743085433313
963,1,1,0.1
963,1,2,0.07755838967424708
963,2,1,0.1
963,2,2,0.1958743085433313
964,1,1,0.1
964,1,2,0.07755838967424708
964,2,1,0.1
964,2,2,0.1958743085433313
965,1,1,0.1
965,1,2,0.07755838967424708
965,2,1,0.1
965,2,2,0.1958743085433313
966,1,1,0.1
966,1,2,0.07755838967424708
966,2,1,0.1
966,2,2,0.1958743085433313
967,1,1,0.1
967,1,2,0.07755838967424708
967,2,1,0.1
967,2,2,0.1958743085433313
968,1,1,0.1
968,1,2,0.07755838967424708
968,2,1,0.1
968,2,2,0.1958743085433313
969,1,1,0.1
969,1,2,0.07755838967424708
969,2,1,0.1
969,2,2,0.1958743085433313
970,1,1,0.1
970,1,2,0.07755838967424708
970,2,1,0.1
970,2,2,0.1958743085433313
971,1,1,0.1
971,1,2,0.07755838967424708
971,2,1,0.1
971,2,2,0.1958743085433313
972,1,1,0.1
972,1,2,0.07755838967424708
972,2,1,0.1
972,2,2,0.1958743085433313
973,1,1,0.1
973,1,2,0.07755838967424708
973,2,1,0.1
973,2,2,0.1958743085433313
974,1,1,0.1
974,1,2,0.07755838967424708
974,2,1,0.1
974,2,2,0.1958743085433313
975,1,1,0.1
975,1,2,0.07755838967424708
975,2,1,0.1
975,2,2,0.1958743085433313
976,1,1,0.1
976,1,2,0.07755838967424708
976,2,1,0.1
976,2,2,0.1958743085433313
977,1,1,0.1
977,1,2,0.07755838967424708
977,2,1,0.1
977,2,2,0.1958743085433313
978,1,1,0.1
978,1,2,0.07755838967424708
978,2,1,0.1
978,2,2,0.1958743085433313
979,1,1,0.1
979,1,2,0.07755838967424708
979,2,1,0.1
979,2,2,0.1958743085433313
980,1,1,0.1
980,1,2,0.07755838967424708
980,2,1,0.1
980,2,2,0.1958743085433313
981,1,1,0.1
981,1,2,0.07755838967424708
981,2,1,0.1
981,2,2,0.1958743085433313
982,1,1,0.1
982,1,2,0.07755838967424708
982,2,1,0.1
982,2,2,0.1958743085433313
983,1,1,0.1
983,1,2,0.07755838967424708
983,2,1,0.1
983,2,2,0.1958743085433313
984,1,1,0.1
984,1,2,0.07755838967424708
984,2,1,0.1
984,2,2,0.1958743085433313
985,1,1,0.1
985,1,2,0.07755838967424708
985,2,1,0.1
985,2,2,0.1958743085433313
986,1,1,0.1
986,1,2,0.07755838967424708
986,2,1,0.1
986,2,2,0.1958743085433313
987,1,1,0.1
987,1,2,0.07755838967424708
987,2,1,0.1
987,2,2,0.1958743085433313
988,1,1,0.1
988,1,2,0.07755838967424708
988,2,1,0.1
988,2,2,0.1958743085433313
989,1,1,0.1
989,1,2,0.07755838967424708
989,2,1,0.1
989,2,2,0.1958743085433313
990,1,1,0.1
990,1,2,0.07755838967424708
990,2,1,0.1
990,2,2,0.1958743085433313
991,1,1,0.1
991,1,2,0.07755838967424708
991,2,1,0.1
991,2,2,0.1958743085433313
992,1,1,0.1
992,1,2,0.07755838967424708
992,2,1,0.1
992,2,2,0.1958743085433313
993,1,1,0.1
993,1,2,0.07755838967424708
993,2,1,0.1
993,2,2,0.1958743085433313
994,1,1,0.1
994,1,2,0.07755838967424708
994,2,1,0.1
994,2,2,0.1958743085433313
995,1,1,0.1
995,1,2,0.07755838967424708
995,2,1,0.1
995,2,2,0.1958743085433313
996,1,1,0.1
996,1,2,0.07755838967424708
996,2,1,0.1
996,2,2,0.1958743085433313
997,1,1,0.1
997,1,2,0.07755838967424708
997,2,1,0.1
997,2,2,0.1958743085433313
998,1,1,0.1
998,1,2,0.07755838967424708
998,2,1,0.1
998,2,2,0.1958743085433313
999,1,1,0.1
999,1,2,0.07755838967424708
999,2,1,0.1
999,2,2,0.1958743085433313
1000,1,1,0.1
1000,1,2,0.07755838967424708
1000,2,1,0.1
1000,2,2,0.1958743085433313
