time,bee1_id,bee2_id,task_id,task_1,task_2
0.24355112347582383,1,1,2,0.0984,0.1972956361401352
0.24484000745656628,1,2,1,0.0984,0.1972956361401352
0.6256183472542743,2,1,2,0.104,0.10994161032575292
3.579629518669382,2,2,1,0.2951,0.07425476336816227
3.7836092266186854,1,1,2,0.091,0.20797480024585127
3.9841555592514695,1,1,2,0.0943,0.20912722802704364
4.075615036426937,1,2,1,0.0943,0.20912722802704364
7.58835711957912,1,1,2,0.088,0.21304548248309774
7.946294578439472,1,1,2,0.0885,0.23056238475722188
8.460675753899904,1,1,2,0.088,0.29164105716041794
8.840068444799185,1,2,1,0.088,0.29164105716041794
8.862228570104005,1,1,2,0.0709,0.3259834050399508
8.864284744531505,2,1,2,0.2951,0.07425476336816227
10.175468563282873,2,1,2,0.2951,0.07425476336816227
14.143806220448594,1,2,1,0.0709,0.3259834050399508
18.59452770509173,1,2,1,0.0709,0.3259834050399508
20.80572781087254,1,2,1,0.0709,0.3259834050399508
21.47785090903924,1,2,1,0.0709,0.3259834050399508
21.539126679629227,1,1,2,0.0703,0.35971112476951445
21.555658577953963,1,1,2,0.0689,0.37987861094038106
23.893499630240328,2,1,2,0.2951,0.07425476336816227
23.898821973058368,2,2,1,0.3169,0.07736631837738168
25.5685286851555,2,2,1,0.3472,0.08923632452366319
26.26658322766711,2,1,2,0.3472,0.08923632452366319
27.470047611938245,2,1,2,0.3472,0.08923632452366319
27.640061628310832,2,2,1,0.3598,0.08332052858020897
28.72446545681545,1,1,2,0.0759,0.4052320221266134
29.009709540735425,1,1,2,0.0821,0.46300706822372467
29.474681455285133,1,2,1,0.0821,0.46300706822372467
31.85636816888314,1,1,2,0.08,0.4593961278426552
33.41006956925687,1,1,2,0.0773,0.4595881991395206
33.86079826460209,1,2,1,0.0773,0.4595881991395206
33.89971741244909,2,2,1,0.3796,0.07775046097111248
35.327891142083885,1,2,1,0.0773,0.4595881991395206
36.099540729093505,1,1,2,0.0832,0.4899738783036263
36.800030409125604,2,1,2,0.3796,0.07775046097111248
37.13697649204301,1,1,2,0.0858,0.49969268592501537
40.42733226226145,1,2,1,0.0858,0.49969268592501537
40.535300759235106,1,1,2,0.081,0.5145974185617701
40.81086747107174,1,2,1,0.081,0.5145974185617701
41.85205724319266,2,1,2,0.3796,0.07775046097111248
42.59124757728302,1,2,1,0.081,0.5145974185617701
43.18121136721086,2,2,1,0.3749,0.07767363245236632
43.99680913816054,1,2,1,0.081,0.5145974185617701
44.92669330843643,1,1,2,0.0907,0.5335740626920713
45.599442222568456,1,2,1,0.0907,0.5335740626920713
46.55607002973907,2,1,2,0.3749,0.07767363245236632
49.49763008413269,1,1,2,0.093,0.5305777504609711
49.62985347577505,1,1,2,0.0887,0.5233942839582053
50.07558492560458,2,1,2,0.3749,0.07767363245236632
52.162585241690635,2,1,2,0.3749,0.07767363245236632
52.47065274707192,1,1,2,0.0816,0.5440227412415488
52.62928563615274,2,1,2,0.3749,0.07767363245236632
53.82536071282391,2,1,2,0.3749,0.07767363245236632
55.12976444107756,1,1,2,0.0893,0.5692224953902889
57.53573502080963,1,1,2,0.0856,0.5746004917025199
57.540240286916976,1,2,1,0.0856,0.5746004917025199
57.67266723724667,1,1,2,0.0851,0.5739858635525507
57.87467501818108,1,1,2,0.0919,0.5645359557467732
58.490389777358814,2,2,1,0.3689,0.08696988322065151
59.08406250607598,2,1,2,0.3689,0.08696988322065151
60.3253071284677,2,1,2,0.3689,0.08696988322065151
60.41981993513442,1,2,1,0.0919,0.5645359557467732
61.65767080121865,2,1,2,0.3689,0.08696988322065151
64.1585729931922,1,2,1,0.0919,0.5645359557467732
64.60944052538846,2,1,2,0.3689,0.08696988322065151
64.7719578479211,2,2,1,0.3941,0.092539950829748
66.82014739876007,1,2,1,0.0919,0.5645359557467732
66.98575168624008,1,2,1,0.0919,0.5645359557467732
68.3185373431541,1,1,2,0.0882,0.5747925629993854
69.88276829419412,2,1,2,0.3941,0.092539950829748
69.92922410862764,2,2,1,0.3881,0.07997848801475108
70.27487085424296,2,2,1,0.3916,0.07302550706822372
72.54500465329461,1,2,1,0.0882,0.5747925629993854
73.47451311723614,1,2,1,0.0882,0.5747925629993854
73.69033820367021,1,1,2,0.0876,0.5834357713583282
74.62016618534987,1,1,2,0.0889,0.5872771972956361
75.43138982090014,1,2,1,0.0889,0.5872771972956361
77.48828272203748,2,1,2,0.3916,0.07302550706822372
77.83850307629872,2,2,1,0.4024,0.08704671173939767
78.27885147203295,1,2,1,0.0889,0.5872771972956361
79.38783403534995,2,1,2,0.4024,0.08704671173939767
79.57577567250733,2,1,2,0.4024,0.08704671173939767
82.63063750282613,2,2,1,0.4129,0.09630454824830978
82.7186528742255,2,2,1,0.4116,0.09131069452980947
83.64873973292396,2,1,2,0.4116,0.09131069452980947
83.85024615534547,2,1,2,0.4116,0.09131069452980947
84.11744973391436,2,1,2,0.4116,0.09131069452980947
86.15271735137027,1,2,1,0.0889,0.5872771972956361
86.22138479994426,2,1,2,0.4116,0.09131069452980947
87.49697219581499,1,1,2,0.0886,0.5844345421020283
87.9526656010361,2,2,1,0.4208,0.07725107559926245
89.40141139434992,2,2,1,0.4211,0.08043945912722802
89.55973548954492,1,2,1,0.0886,0.5844345421020283
92.3854240373018,2,1,2,0.4211,0.08043945912722802
92.60426076471377,1,2,1,0.0886,0.5844345421020283
93.12780238227009,1,1,2,0.088,0.5846650276582668
93.39683251665161,1,2,1,0.088,0.5846650276582668
93.88640541764723,2,1,2,0.4211,0.08043945912722802
95.1053654907626,1,2,1,0.088,0.5846650276582668
95.53160424314486,1,1,2,0.086,0.5943838352796558
95.85900012872398,2,1,2,0.4211,0.08043945912722802
96.06706262530525,1,2,1,0.086,0.5943838352796558
96.60869059210215,1,1,2,0.0869,0.5924631223110018
96.68233514115975,2,1,2,0.4211,0.08043945912722802
97.09951661030449,1,2,1,0.0869,0.5924631223110018
97.44962838838796,2,1,2,0.4211,0.08043945912722802
100.60554020746159,2,2,1,0.4229,0.0920021511985249
102.34225671500933,1,2,1,0.0869,0.5924631223110018
104.82429414131816,1,2,1,0.0869,0.5924631223110018
104.8782439614133,2,2,1,0.4316,0.10556238475722188
105.2862039420273,1,1,2,0.0874,0.5989551321450522
108.28500722213198,2,1,2,0.4316,0.10556238475722188
110.1508237329343,2,1,2,0.4316,0.10556238475722188
111.69883889170538,1,2,1,0.0874,0.5989551321450522
112.06371440709513,1,1,2,0.0848,0.6045251997541488
112.44571178814414,2,1,2,0.4316,0.10556238475722188
113.11761913424237,2,1,2,0.4316,0.10556238475722188
113.51118532316397,2,1,2,0.4316,0.10556238475722188
115.20987736697472,2,2,1,0.4203,0.08013214505224339
115.24677921529678,1,2,1,0.0848,0.6045251997541488
115.5553540242511,1,1,2,0.0808,0.589658881376767
115.61102920637984,2,1,2,0.4203,0.08013214505224339
116.13557138922015,1,2,1,0.0808,0.589658881376767
116.23355511996262,1,1,2,0.0848,0.6016441303011678
116.58162136346326,2,2,1,0.4338,0.09261677934849416
118.08272094107676,2,2,1,0.4371,0.08520282728948986
118.85209342236959,2,1,2,0.4371,0.08520282728948986
118.93031764181717,2,1,2,0.4371,0.08520282728948986
119.31682774795016,1,2,1,0.0848,0.6016441303011678
120.49747980854839,1,1,2,0.0874,0.6057160417947142
121.93259018542489,1,2,1,0.0874,0.6057160417947142
122.05179759550109,2,1,2,0.4371,0.08520282728948986
122.08276477453626,1,2,1,0.0874,0.6057160417947142
122.47213115228249,1,1,2,0.0866,0.613360479409957
122.48548339683906,2,2,1,0.4319,0.0871619545175169
123.40345705397152,1,1,2,0.0882,0.6027965580823602
123.61781583723338,2,1,2,0.4319,0.0871619545175169
123.84236944299982,2,2,1,0.434,0.09369237861094037
126.03326044074777,1,2,1,0.0882,0.6027965580823602
126.54425266916434,2,1,2,0.434,0.09369237861094037
126.74516514865898,2,1,2,0.434,0.09369237861094037
127.72137988295329,2,2,1,0.433,0.09522894898586355
127.72511908677566,2,1,2,0.433,0.09522894898586355
128.41063504320064,1,1,2,0.0901,0.5945759065765212
128.7145057101276,1,1,2,0.083,0.6121696373693916
132.97278812005567,2,1,2,0.433,0.09522894898586355
135.53782260375976,1,2,1,0.083,0.6121696373693916
137.20744795661162,1,2,1,0.083,0.6121696373693916
139.5366100949644,2,1,2,0.433,0.09522894898586355
141.52928733805155,1,2,1,0.083,0.6121696373693916
142.01330079017396,2,2,1,0.445,0.09142593730792871
142.7138952472608,2,2,1,0.4453,0.09081130915795943
142.74950367739237,1,2,1,0.083,0.6121696373693916
145.2731476864249,2,2,1,0.4495,0.09534419176398279
145.4226734610455,2,1,2,0.4495,0.09534419176398279
145.59822834972306,2,2,1,0.4401,0.10909649661954518
145.60862459083305,1,1,2,0.085,0.6172019053472649
145.68554466865305,2,1,2,0.4401,0.10909649661954518
146.37305438100398,2,1,2,0.4401,0.10909649661954518
147.43751520670196,1,1,2,0.0889,0.6166641057160418
147.584326456245,1,1,2,0.0898,0.6133988936693301
148.5614684221488,2,1,2,0.4401,0.10909649661954518
148.84581087588793,2,1,2,0.4401,0.10909649661954518
148.88976917208512,2,1,2,0.4401,0.10909649661954518
149.95350319484572,1,2,1,0.0898,0.6133988936693301
151.69000024295002,2,1,2,0.4401,0.10909649661954518
151.83729208009208,1,1,2,0.0906,0.6162415488629379
152.04789028929724,2,1,2,0.4401,0.10909649661954518
152.23807288231203,1,2,1,0.0906,0.6162415488629379
155.49543083811812,1,2,1,0.0906,0.6162415488629379
155.94249134885854,2,1,2,0.4401,0.10909649661954518
158.8521503770084,1,1,2,0.0857,0.6229256299938537
161.47438451977675,1,1,2,0.0911,0.6207360172095882
162.22883537955644,1,1,2,0.0908,0.6229640442532268
163.23379225974756,1,2,1,0.0908,0.6229640442532268
163.29067795544876,2,1,2,0.4401,0.10909649661954518
165.10378818610732,2,1,2,0.4401,0.10909649661954518
166.8476351471928,2,1,2,0.4401,0.10909649661954518
167.73338925045286,1,2,1,0.0908,0.6229640442532268
169.32855102415556,2,1,2,0.4401,0.10909649661954518
171.17782665345428,2,1,2,0.4401,0.10909649661954518
173.3266993539384,1,2,1,0.0908,0.6229640442532268
178.7032544492093,2,1,2,0.4401,0.10909649661954518
180.4520598668027,1,1,2,0.0906,0.6233866011063307
180.51472510046037,2,2,1,0.4497,0.08497234173325138
182.029910912203,2,1,2,0.4497,0.08497234173325138
183.742837480588,2,1,2,0.4497,0.08497234173325138
183.91106612095732,1,2,1,0.0906,0.6233866011063307
188.8255129149983,1,1,2,0.0897,0.6250384142593731
189.83184308343547,1,2,1,0.0897,0.6250384142593731
189.99256679888094,2,1,2,0.4497,0.08497234173325138
191.1800003840628,1,2,1,0.0897,0.6250384142593731
192.01151221021073,1,2,1,0.0897,0.6250384142593731
192.71885879533087,2,1,2,0.4497,0.08497234173325138
193.71887171494174,1,2,1,0.0897,0.6250384142593731
196.5990795278352,1,1,2,0.0897,0.6328365089121082
197.97684375341953,2,1,2,0.4497,0.08497234173325138
198.67710985120772,2,1,2,0.4497,0.08497234173325138
198.93811918599187,1,2,1,0.0897,0.6328365089121082
202.31812470085615,1,2,1,0.0897,0.6328365089121082
203.3992309606897,1,2,1,0.0897,0.6328365089121082
204.9019035855983,2,2,1,0.4504,0.09442224953902889
205.821017727795,1,2,1,0.0897,0.6328365089121082
206.90220260373968,2,1,2,0.4504,0.09442224953902889
207.3576626957668,1,2,1,0.0897,0.6328365089121082
208.67932387628954,2,1,2,0.4504,0.09442224953902889
209.71624705012437,1,2,1,0.0897,0.6328365089121082
209.93538707603435,1,2,1,0.0897,0.6328365089121082
211.62483529152027,2,1,2,0.4504,0.09442224953902889
211.97994418163165,1,1,2,0.085,0.6306853103872158
212.46971891887836,2,1,2,0.4504,0.09442224953902889
213.82903378897325,2,1,2,0.4504,0.09442224953902889
215.72797596215577,2,1,2,0.4504,0.09442224953902889
215.86840801255815,1,2,1,0.085,0.6306853103872158
216.9232917373727,1,2,1,0.085,0.6306853103872158
217.3366901211149,2,1,2,0.4504,0.09442224953902889
217.94769441524167,2,2,1,0.4502,0.09649661954517517
222.74067449895543,2,1,2,0.4502,0.09649661954517517
223.08767966716331,1,2,1,0.085,0.6306853103872158
224.00799604597282,1,1,2,0.0857,0.6251920712968654
224.59116658844164,2,1,2,0.4502,0.09649661954517517
226.18637197672084,1,1,2,0.0867,0.6362553779963123
227.4157390350545,1,2,1,0.0867,0.6362553779963123
227.56057382676764,2,1,2,0.4502,0.09649661954517517
227.80772078650406,2,1,2,0.4502,0.09649661954517517
230.16695793502157,2,1,2,0.4502,0.09649661954517517
231.99920647817095,1,1,2,0.0878,0.6322602950215119
233.3755250812542,2,1,2,0.4502,0.09649661954517517
235.09147104884838,2,1,2,0.4502,0.09649661954517517
235.7329844459166,2,1,2,0.4502,0.09649661954517517
236.19875323977593,2,1,2,0.4502,0.09649661954517517
236.7836245282994,1,2,1,0.0878,0.6322602950215119
237.28049973027515,2,1,2,0.4502,0.09649661954517517
237.4322202403834,2,1,2,0.4502,0.09649661954517517
238.23397649657346,2,1,2,0.4502,0.09649661954517517
238.33999154417253,2,1,2,0.4502,0.09649661954517517
238.9705123799433,1,2,1,0.0878,0.6322602950215119
239.3683766982061,2,1,2,0.4502,0.09649661954517517
239.84913693706656,2,1,2,0.4502,0.09649661954517517
240.38961548130132,2,2,1,0.4473,0.08696988322065151
241.39398225783006,2,1,2,0.4473,0.08696988322065151
241.76640407711506,2,1,2,0.4473,0.08696988322065151
242.23624334054682,2,1,2,0.4473,0.08696988322065151
243.25011997960533,2,1,2,0.4473,0.08696988322065151
244.214833727151,2,1,2,0.4473,0.08696988322065151
244.63481628249045,2,1,2,0.4473,0.08696988322065151
248.39882088393543,1,1,2,0.0889,0.6345651505838967
248.8069640260981,2,1,2,0.4473,0.08696988322065151
249.09198300611416,1,2,1,0.0889,0.6345651505838967
249.8548496454723,2,2,1,0.4496,0.13018592501536572
250.70441833517685,2,1,2,0.4496,0.13018592501536572
251.43863098666668,2,1,2,0.4496,0.13018592501536572
251.52959079324924,1,2,1,0.0889,0.6345651505838967
251.57795678877656,1,2,1,0.0889,0.6345651505838967
254.0787591718722,2,1,2,0.4496,0.13018592501536572
254.35969331645273,1,2,1,0.0889,0.6345651505838967
256.5107010379582,2,1,2,0.4496,0.13018592501536572
257.59137796399693,2,2,1,0.4509,0.09956976029502151
259.0399131291699,2,1,2,0.4509,0.09956976029502151
261.05086379429247,1,1,2,0.0892,0.6427473878303627
263.8338012497267,2,1,2,0.4509,0.09956976029502151
264.07477638499347,2,1,2,0.4509,0.09956976029502151
268.00716450334676,2,1,2,0.4509,0.09956976029502151
269.9466604580931,1,2,1,0.0892,0.6427473878303627
271.1661527713401,2,1,2,0.4509,0.09956976029502151
272.0130035541469,2,1,2,0.4509,0.09956976029502151
272.3753505485717,2,1,2,0.4509,0.09956976029502151
273.21505128079684,1,2,1,0.0892,0.6427473878303627
274.3399002180412,2,1,2,0.4509,0.09956976029502151
274.5923743287604,2,1,2,0.4509,0.09956976029502151
278.45517017527624,1,2,1,0.0892,0.6427473878303627
280.7411666762176,2,2,1,0.4637,0.08320528580208973
281.480003655573,2,1,2,0.4637,0.08320528580208973
281.51900841641356,1,1,2,0.0837,0.643861401352182
281.7196764937985,2,1,2,0.4637,0.08320528580208973
282.7933875342647,2,1,2,0.4637,0.08320528580208973
283.3243821516054,1,1,2,0.0876,0.6402888752304856
283.96516397529575,2,1,2,0.4637,0.08320528580208973
284.52753188498576,1,2,1,0.0876,0.6402888752304856
284.6531124777205,1,1,2,0.0894,0.6386370620774432
284.92553129863705,2,1,2,0.4637,0.08320528580208973
284.9717804313825,2,1,2,0.4637,0.08320528580208973
285.0773948835313,2,1,2,0.4637,0.08320528580208973
294.6114274182823,2,1,2,0.4637,0.08320528580208973
294.6565839541944,1,2,1,0.0894,0.6386370620774432
295.13489925899626,1,1,2,0.0894,0.6325676090964967
295.61676571938966,2,1,2,0.4637,0.08320528580208973
297.31586142528414,1,2,1,0.0894,0.6325676090964967
297.6309360401572,2,1,2,0.4637,0.08320528580208973
298.27560606353006,2,2,1,0.4575,0.0994161032575292
301.7963768167992,1,2,1,0.0894,0.6325676090964967
303.94279429588573,2,2,1,0.456,0.09691917639827904
307.458563013754,1,2,1,0.0894,0.6325676090964967
308.81468487573176,1,2,1,0.0894,0.6325676090964967
309.98929054498245,1,1,2,0.0874,0.6445144437615242
311.8108703803745,1,2,1,0.0874,0.6445144437615242
313.9429117007978,1,2,1,0.0874,0.6445144437615242
313.99302552407573,2,1,2,0.456,0.09691917639827904
315.3147684847626,2,1,2,0.456,0.09691917639827904
317.29377106325643,2,1,2,0.456,0.09691917639827904
318.0231912318642,2,2,1,0.4623,0.09818684695759065
318.498928726921,1,2,1,0.0874,0.6445144437615242
319.43301678778835,2,1,2,0.4623,0.09818684695759065
319.986359923624,2,2,1,0.4636,0.09522894898586355
320.7695688745416,2,1,2,0.4636,0.09522894898586355
322.072583481164,1,2,1,0.0874,0.6445144437615242
322.7070257722858,1,2,1,0.0874,0.6445144437615242
322.8701359524026,1,2,1,0.0874,0.6445144437615242
322.9185041466088,1,1,2,0.0888,0.6435156730178242
323.3569530276588,2,1,2,0.4636,0.09522894898586355
323.5132834632186,2,1,2,0.4636,0.09522894898586355
326.7945247955215,1,1,2,0.0867,0.6485479409956976
327.36474046751175,2,2,1,0.4609,0.1077519975414874
328.9527522193131,1,2,1,0.0867,0.6485479409956976
329.28927303978446,2,1,2,0.4609,0.1077519975414874
329.99049522896297,1,2,1,0.0867,0.6485479409956976
330.04732242606394,2,1,2,0.4609,0.1077519975414874
330.16700550671186,1,1,2,0.0897,0.6476259987707437
330.38307129288904,2,1,2,0.4609,0.1077519975414874
330.92046199665754,2,1,2,0.4609,0.1077519975414874
332.03472105769106,2,1,2,0.4609,0.1077519975414874
332.43018298928536,1,2,1,0.0897,0.6476259987707437
332.67404284200956,2,2,1,0.4631,0.08358942839582052
335.49617675242865,1,1,2,0.0869,0.6377151198524893
338.0151808726434,2,1,2,0.4631,0.08358942839582052
338.3265978301943,1,1,2,0.0846,0.6561923786109404
339.8143511918874,2,1,2,0.4631,0.08358942839582052
340.97804910570994,2,1,2,0.4631,0.08358942839582052
342.8490481813754,2,1,2,0.4631,0.08358942839582052
343.01093212319944,1,2,1,0.0846,0.6561923786109404
343.7299207120467,1,2,1,0.0846,0.6561923786109404
345.35028776281354,2,2,1,0.4595,0.0840119852489244
348.60237195525684,2,2,1,0.4738,0.09519053472649047
348.8876944572245,1,2,1,0.0846,0.6561923786109404
349.0545464298664,1,2,1,0.0846,0.6561923786109404
349.11571424305754,1,2,1,0.0846,0.6561923786109404
350.45040807668164,2,1,2,0.4738,0.09519053472649047
352.1856509344842,2,2,1,0.4593,0.08193761524277812
352.4103933076939,1,1,2,0.0883,0.6529655808236017
352.7103494707799,2,1,2,0.4593,0.08193761524277812
352.80978630440467,2,1,2,0.4593,0.08193761524277812
354.13980112373025,2,2,1,0.4717,0.10813614013521819
354.24910213290804,2,1,2,0.4717,0.10813614013521819
354.2719431175929,1,2,1,0.0883,0.6529655808236017
354.3979812555643,1,2,1,0.0883,0.6529655808236017
354.8141067359229,2,1,2,0.4717,0.10813614013521819
354.94241060637387,1,2,1,0.0883,0.6529655808236017
355.2478323144744,1,2,1,0.0883,0.6529655808236017
356.1632672422004,2,1,2,0.4717,0.10813614013521819
356.667966212444,2,2,1,0.4699,0.10425629993853719
356.8004733882979,1,1,2,0.0856,0.6508912108174555
357.70892299567345,2,2,1,0.4588,0.10932698217578365
358.9498383805746,2,1,2,0.4588,0.10932698217578365
360.5451293362382,2,1,2,0.4588,0.10932698217578365
360.6435412601796,2,2,1,0.4666,0.09334665027658266
361.01577130434015,1,2,1,0.0856,0.6508912108174555
361.1542836146427,1,2,1,0.0856,0.6508912108174555
361.94421085845505,1,2,1,0.0856,0.6508912108174555
363.5691951335166,1,2,1,0.0856,0.6508912108174555
364.2695777256124,2,1,2,0.4666,0.09334665027658266
364.28908794440093,2,1,2,0.4666,0.09334665027658266
366.06719911210735,2,1,2,0.4666,0.09334665027658266
366.77699628329935,1,2,1,0.0856,0.6508912108174555
368.23857232306466,2,1,2,0.4666,0.09334665027658266
368.4230631109466,2,1,2,0.4666,0.09334665027658266
369.54047016046786,1,1,2,0.0881,0.6551936078672403
369.7525077659471,2,1,2,0.4666,0.09334665027658266
370.53352581212573,1,2,1,0.0881,0.6551936078672403
370.89237010126925,2,2,1,0.4715,0.08504917025199754
371.4024170865155,2,1,2,0.4715,0.08504917025199754
371.8230472123747,2,1,2,0.4715,0.08504917025199754
373.32713115162454,2,1,2,0.4715,0.08504917025199754
376.75775283281735,1,2,1,0.0881,0.6551936078672403
376.88007268119935,2,1,2,0.4715,0.08504917025199754
377.0192217763107,1,2,1,0.0881,0.6551936078672403
378.0065951059574,2,1,2,0.4715,0.08504917025199754
380.06898761231764,2,1,2,0.4715,0.08504917025199754
380.8124245091831,1,1,2,0.0873,0.6549631223110018
381.67163400271005,1,2,1,0.0873,0.6549631223110018
383.0830636663951,2,1,2,0.4715,0.08504917025199754
383.445925845688,1,2,1,0.0873,0.6549631223110018
383.83011687242356,1,2,1,0.0873,0.6549631223110018
384.979576356718,1,2,1,0.0873,0.6549631223110018
385.01135085849666,2,1,2,0.4715,0.08504917025199754
389.54530438827555,1,2,1,0.0873,0.6549631223110018
389.81325752349676,1,2,1,0.0873,0.6549631223110018
390.26475853375234,1,2,1,0.0873,0.6549631223110018
391.76352319244273,1,2,1,0.0873,0.6549631223110018
394.05637599146587,1,2,1,0.0873,0.6549631223110018
395.00128792488226,1,2,1,0.0873,0.6549631223110018
396.43047371877674,1,2,1,0.0873,0.6549631223110018
399.9138590195744,2,1,2,0.4715,0.08504917025199754
400.06223906686387,1,1,2,0.0827,0.6501229256299939
405.0234940843753,2,2,1,0.4681,0.09684234787953289
406.2737238203163,1,1,2,0.0832,0.6503149969268592
406.83254242408856,2,1,2,0.4681,0.09684234787953289
410.7569959296395,2,1,2,0.4681,0.09684234787953289
413.7290092076014,2,1,2,0.4681,0.09684234787953289
414.47330046177603,1,2,1,0.0832,0.6503149969268592
415.971074764769,2,1,2,0.4681,0.09684234787953289
416.09156603135216,2,2,1,0.4658,0.0882759680393362
417.56394939665176,2,2,1,0.4709,0.09622771972956361
422.7895175271424,1,1,2,0.0881,0.6534649661954518
425.7002254167382,1,2,1,0.0881,0.6534649661954518
426.21002295953326,2,2,1,0.4716,0.08562538414259373
426.24199585854285,2,2,1,0.4722,0.09242470805162877
427.0044579517223,1,2,1,0.0881,0.6534649661954518
428.63448968426167,2,1,2,0.4722,0.09242470805162877
431.1843486388599,1,2,1,0.0881,0.6534649661954518
431.2397085574437,1,2,1,0.0881,0.6534649661954518
431.39952748670936,2,1,2,0.4722,0.09242470805162877
431.84534636219706,2,1,2,0.4722,0.09242470805162877
432.42116003051416,1,2,1,0.0881,0.6534649661954518
434.9500393263841,1,1,2,0.0905,0.6453979717271051
437.11416900283456,2,1,2,0.4722,0.09242470805162877
438.12431399832127,2,1,2,0.4722,0.09242470805162877
438.2799951673671,2,1,2,0.4722,0.09242470805162877
438.92753080854413,2,2,1,0.4716,0.1181238475722188
440.36993196889523,2,2,1,0.4694,0.09330823601720958
440.7509999187222,2,2,1,0.4606,0.11927627535341119
440.9731939229015,1,1,2,0.0875,0.6520820528580209
441.70017046559167,1,2,1,0.0875,0.6520820528580209
442.61277851471795,2,1,2,0.4606,0.11927627535341119
443.67522822900764,2,2,1,0.4756,0.10752151198524892
444.3085447868019,1,2,1,0.0875,0.6520820528580209
446.0856291706106,2,1,2,0.4756,0.10752151198524892
446.82016374822894,2,1,2,0.4756,0.10752151198524892
448.62435691406006,1,1,2,0.0887,0.6564228641671789
448.720249784142,1,2,1,0.0887,0.6564228641671789
449.80097226340536,2,1,2,0.4756,0.10752151198524892
451.3311661461801,1,2,1,0.0887,0.6564228641671789
451.7015711915565,2,1,2,0.4756,0.10752151198524892
452.2787335763798,2,1,2,0.4756,0.10752151198524892
453.1459259286627,2,2,1,0.4824,0.0916180086047941
453.3096487309336,1,1,2,0.0802,0.664681929932391
454.93200870988824,2,1,2,0.4824,0.0916180086047941
456.56851536545867,2,2,1,0.484,0.09242470805162877
460.9192932806925,2,1,2,0.484,0.09242470805162877
461.4987754210571,2,1,2,0.484,0.09242470805162877
462.07086225416555,1,1,2,0.0816,0.6588813767670559
462.69571117802025,1,1,2,0.0839,0.666641057160418
463.82505651911646,2,2,1,0.4739,0.11259219422249539
465.1502111827737,2,1,2,0.4739,0.11259219422249539
465.7126872303465,2,2,1,0.4657,0.10767516902274124
467.88298347615034,2,2,1,0.4769,0.09553626306084818
468.01713515390765,2,1,2,0.4769,0.09553626306084818
468.4089145420383,2,2,1,0.475,0.11197756607252612
468.74791023325304,1,1,2,0.0872,0.655001536570375
468.87213191973746,2,1,2,0.475,0.11197756607252612
472.32277019470536,1,1,2,0.0875,0.6621465888137676
472.85292165515773,2,1,2,0.475,0.11197756607252612
473.3562818679507,1,1,2,0.0876,0.668600184388445
474.73672470168384,1,2,1,0.0876,0.668600184388445
474.92915017620794,2,1,2,0.475,0.11197756607252612
476.4822507569486,2,1,2,0.475,0.11197756607252612
478.75541106282225,1,1,2,0.0883,0.6609557467732022
480.9914511066394,2,1,2,0.475,0.11197756607252612
481.0707540358082,2,1,2,0.475,0.11197756607252612
482.1235127675834,1,2,1,0.0883,0.6609557467732022
483.85998405161286,2,1,2,0.475,0.11197756607252612
484.1100590181768,1,2,1,0.0883,0.6609557467732022
484.31023053136715,1,2,1,0.0883,0.6609557467732022
484.71052242426845,1,1,2,0.0851,0.6689843269821758
484.92934316523446,2,1,2,0.475,0.11197756607252612
485.5804435968195,1,2,1,0.0851,0.6689843269821758
486.1223142306111,1,2,1,0.0851,0.6689843269821758
486.3523101372474,2,2,1,0.4738,0.10179778733866011
486.55983748226674,2,2,1,0.462,0.11458973570989552
486.61144185147475,2,1,2,0.462,0.11458973570989552
487.1511673890217,2,1,2,0.462,0.11458973570989552
489.1577152842371,1,2,1,0.0851,0.6689843269821758
490.107184149105,1,2,1,0.0851,0.6689843269821758
490.1434034574275,2,1,2,0.462,0.11458973570989552
490.23655016890694,2,1,2,0.462,0.11458973570989552
491.23887283902684,1,2,1,0.0851,0.6689843269821758
492.98474477821225,2,1,2,0.462,0.11458973570989552
493.0686741311216,1,2,1,0.0851,0.6689843269821758
493.78500042677894,2,1,2,0.462,0.11458973570989552
496.5278873780286,2,1,2,0.462,0.11458973570989552
498.02574005395263,2,2,1,0.4751,0.09730331899200984
499.07610300590403,1,1,2,0.0864,0.6684465273509527
500.8641439845217,1,1,2,0.0882,0.6629532882606023
501.72816937498584,1,1,2,0.0886,0.6688306699446834
503.6449427987446,1,1,2,0.0853,0.6699830977258758
505.55378420510533,2,1,2,0.4751,0.09730331899200984
506.79672751216543,2,2,1,0.469,0.0878918254456054
508.0610065144131,2,1,2,0.469,0.0878918254456054
509.5107503008433,1,2,1,0.0853,0.6699830977258758
509.74615054099195,2,1,2,0.469,0.0878918254456054
510.405075959172,1,2,1,0.0853,0.6699830977258758
510.4241375459111,2,1,2,0.469,0.0878918254456054
510.87161453369754,2,1,2,0.469,0.0878918254456054
511.0366736420901,2,1,2,0.469,0.0878918254456054
514.3241780220113,1,2,1,0.0853,0.6699830977258758
517.3071102064824,2,2,1,0.484,0.0969960049170252
521.2477167379072,2,1,2,0.484,0.0969960049170252
521.6060364577536,1,2,1,0.0853,0.6699830977258758
521.7066385331947,2,1,2,0.484,0.0969960049170252
521.8730422056519,1,2,1,0.0853,0.6699830977258758
522.9338273009813,1,2,1,0.0853,0.6699830977258758
525.4596925043809,2,1,2,0.484,0.0969960049170252
526.8526329453816,2,2,1,0.4822,0.1047940995697603
527.420736810772,2,1,2,0.4822,0.1047940995697603
528.711558790463,2,1,2,0.4822,0.1047940995697603
528.7816199245711,2,1,2,0.4822,0.1047940995697603
533.6453533197491,1,1,2,0.086,0.6731330669944684
535.2460929823377,1,1,2,0.0873,0.6700983405039951
535.4399273408345,1,2,1,0.0873,0.6700983405039951
535.5785239516365,1,2,1,0.0873,0.6700983405039951
536.3649778151672,1,2,1,0.0873,0.6700983405039951
537.4155320212614,2,1,2,0.4822,0.1047940995697603
537.5829788490146,2,1,2,0.4822,0.1047940995697603
539.3049937172627,2,1,2,0.4822,0.1047940995697603
540.699062376682,1,1,2,0.0835,0.6714044253226797
540.7037970776585,2,1,2,0.4822,0.1047940995697603
541.0953335778204,2,1,2,0.4822,0.1047940995697603
541.3197698214095,2,2,1,0.4828,0.09876306084818685
541.5467768905391,2,2,1,0.4875,0.09580516287645974
542.6425554118812,2,1,2,0.4875,0.09580516287645974
542.6537457227712,1,1,2,0.0865,0.6682544560540873
543.7230329337257,2,1,2,0.4875,0.09580516287645974
543.8025847351146,1,2,1,0.0865,0.6682544560540873
544.1574498592656,2,1,2,0.4875,0.09580516287645974
544.2770205237912,2,1,2,0.4875,0.09580516287645974
545.4230580106441,2,2,1,0.4817,0.09131069452980947
546.7014941708999,2,1,2,0.4817,0.09131069452980947
547.6857973576754,2,1,2,0.4817,0.09131069452980947
548.8491186143341,1,1,2,0.0869,0.6687154271665642
552.1492333301252,1,1,2,0.0874,0.670520897357099
552.4999605280595,2,1,2,0.4817,0.09131069452980947
553.1246111361337,2,1,2,0.4817,0.09131069452980947
554.5121108863949,2,1,2,0.4817,0.09131069452980947
554.5396876885147,2,1,2,0.4817,0.09131069452980947
555.1036624567574,1,1,2,0.0889,0.6520820528580209
555.6373965218042,1,1,2,0.0871,0.6730946527350953
556.3304481945017,1,2,1,0.0871,0.6730946527350953
556.4649926464741,2,1,2,0.4817,0.09131069452980947
557.280513064787,2,2,1,0.4859,0.12357867240319606
558.3913604229161,2,1,2,0.4859,0.12357867240319606
558.5869783909246,1,2,1,0.0871,0.6730946527350953
561.0042119767373,2,2,1,0.4906,0.10245082974800246
561.1035858428918,1,2,1,0.0871,0.6730946527350953
561.484267519359,1,2,1,0.0871,0.6730946527350953
562.4978334983217,2,1,2,0.4906,0.10245082974800246
563.3615482691742,2,1,2,0.4906,0.10245082974800246
563.7375057137518,2,1,2,0.4906,0.10245082974800246
564.5570780609677,2,1,2,0.4906,0.10245082974800246
565.4592810848023,2,1,2,0.4906,0.10245082974800246
567.2694627998973,2,1,2,0.4906,0.10245082974800246
570.1358838014064,2,2,1,0.4904,0.09776429010448678
570.2222277451592,2,2,1,0.4755,0.08739244007375538
570.969768116745,1,2,1,0.0871,0.6730946527350953
572.6365240741221,2,1,2,0.4755,0.08739244007375538
573.7668463533038,2,1,2,0.4755,0.08739244007375538
574.0701975878102,2,1,2,0.4755,0.08739244007375538
576.4086887569639,2,1,2,0.4755,0.08739244007375538
578.9566723747944,1,1,2,0.0864,0.6780500921942225
584.8374216542635,1,2,1,0.0864,0.6780500921942225
585.2080744083157,2,1,2,0.4755,0.08739244007375538
585.4611533805358,2,1,2,0.4755,0.08739244007375538
587.0738127599409,2,2,1,0.492,0.10133681622618317
587.1843861373732,1,2,1,0.0864,0.6780500921942225
587.4800783277544,2,1,2,0.492,0.10133681622618317
587.5383584893169,1,1,2,0.0838,0.6705593116164721
587.6690865938365,2,1,2,0.492,0.10133681622618317
588.558229056147,1,2,1,0.0838,0.6705593116164721
590.3883052711377,2,1,2,0.492,0.10133681622618317
590.498233068579,2,1,2,0.492,0.10133681622618317
592.6745351248346,2,2,1,0.4822,0.09054240934234788
592.7170208390309,2,1,2,0.4822,0.09054240934234788
593.2667360357162,1,1,2,0.0843,0.6768976644130301
594.4689332308114,1,2,1,0.0843,0.6768976644130301
594.813642110498,1,1,2,0.0848,0.6795866625691457
595.184534976823,1,1,2,0.0918,0.6717117393976644
595.9800459935191,1,2,1,0.0918,0.6717117393976644
596.6080586931546,1,2,1,0.0918,0.6717117393976644
597.984053568245,1,1,2,0.0844,0.6779348494161033
598.7693145233,2,1,2,0.4822,0.09054240934234788
598.9982134152356,1,1,2,0.0847,0.6769744929317763
599.5145570226858,1,2,1,0.0847,0.6769744929317763
600.1141901166169,1,2,1,0.0847,0.6769744929317763
600.2193504425023,2,1,2,0.4822,0.09054240934234788
600.9643644815725,2,1,2,0.4822,0.09054240934234788
601.6580763068185,1,1,2,0.0883,0.6792409342347879
602.9429443785752,2,2,1,0.4729,0.1172019053472649
603.2971871510505,2,1,2,0.4729,0.1172019053472649
603.7626482411519,2,1,2,0.4729,0.1172019053472649
604.8227833326584,2,1,2,0.4729,0.1172019053472649
609.2432811213705,1,1,2,0.0874,0.6728257529194838
609.3671405192343,1,2,1,0.0874,0.6728257529194838
609.4413742567682,2,1,2,0.4729,0.1172019053472649
610.8706973658902,2,1,2,0.4729,0.1172019053472649
612.436461818135,2,1,2,0.4729,0.1172019053472649
613.8059692892235,2,1,2,0.4729,0.1172019053472649
614.9424073878621,2,1,2,0.4729,0.1172019053472649
615.7239085033877,1,2,1,0.0874,0.6728257529194838
616.4453646750601,1,2,1,0.0874,0.6728257529194838
617.1708500160377,1,2,1,0.0874,0.6728257529194838
617.1914843100316,2,1,2,0.4729,0.1172019053472649
617.4811213466145,2,2,1,0.4879,0.09910878918254457
617.6368228548332,1,2,1,0.0874,0.6728257529194838
617.6644774468144,1,1,2,0.0851,0.6737861094038107
618.3667561892256,2,2,1,0.4883,0.09661186232329441
619.5915273264078,1,2,1,0.0851,0.6737861094038107
620.0694815397759,2,1,2,0.4883,0.09661186232329441
620.2255914324404,2,1,2,0.4883,0.09661186232329441
622.5278332536717,2,1,2,0.4883,0.09661186232329441
624.1709171374551,1,2,1,0.0851,0.6737861094038107
624.551357770508,2,1,2,0.4883,0.09661186232329441
624.9985900003302,1,2,1,0.0851,0.6737861094038107
626.1840629856448,1,2,1,0.0851,0.6737861094038107
626.2144127483397,2,1,2,0.4883,0.09661186232329441
627.8048265899139,2,1,2,0.4883,0.09661186232329441
628.625055352418,2,1,2,0.4883,0.09661186232329441
628.9065708880479,2,2,1,0.4873,0.10352642901044867
630.6733782733703,2,1,2,0.4873,0.10352642901044867
631.0006711693406,2,1,2,0.4873,0.10352642901044867
631.1384348681348,2,1,2,0.4873,0.10352642901044867
631.1760454464588,1,2,1,0.0851,0.6737861094038107
631.6286632194564,1,2,1,0.0851,0.6737861094038107
631.7393355280551,2,1,2,0.4873,0.10352642901044867
633.9006051996115,2,1,2,0.4873,0.10352642901044867
636.5862047985985,1,2,1,0.0851,0.6737861094038107
637.9944821970042,1,2,1,0.0851,0.6737861094038107
641.3017903541171,2,1,2,0.4873,0.10352642901044867
641.5335557681994,2,1,2,0.4873,0.10352642901044867
642.3231336846569,1,2,1,0.0851,0.6737861094038107
642.7107529595128,1,2,1,0.0851,0.6737861094038107
643.1308630700292,1,1,2,0.0864,0.6658727719729564
643.1416562734325,2,2,1,0.488,0.10875076828518747
643.8825213717909,1,1,2,0.0838,0.6799323909035033
644.5006306553292,1,2,1,0.0838,0.6799323909035033
645.4500123068407,1,2,1,0.0838,0.6799323909035033
645.9173246128529,1,1,2,0.0877,0.6808927473878303
647.3395445825881,2,1,2,0.488,0.10875076828518747
648.394723177002,2,1,2,0.488,0.10875076828518747
648.6703491331873,2,1,2,0.488,0.10875076828518747
649.9594179839783,1,1,2,0.0847,0.6752458512599877
653.0969052179141,2,1,2,0.488,0.10875076828518747
653.2331514918862,2,1,2,0.488,0.10875076828518747
653.5353727158695,2,1,2,0.488,0.10875076828518747
656.5581307724204,2,2,1,0.4935,0.10056853103872157
657.7847248938917,2,1,2,0.4935,0.10056853103872157
658.8831186111622,2,1,2,0.4935,0.10056853103872157
660.8687736553227,2,1,2,0.4935,0.10056853103872157
661.373568906485,2,1,2,0.4935,0.10056853103872157
661.422015328835,1,2,1,0.0847,0.6752458512599877
661.6330630510232,1,2,1,0.0847,0.6752458512599877
664.2273307752844,1,1,2,0.0839,0.6750153657037492
664.3968583818117,1,1,2,0.0862,0.6827366318377381
665.7489497866045,2,1,2,0.4935,0.10056853103872157
667.0837185524315,2,1,2,0.4935,0.10056853103872157
667.7373529507706,2,1,2,0.4935,0.10056853103872157
669.3223196670893,1,2,1,0.0862,0.6827366318377381
669.4787400383789,2,2,1,0.4852,0.1142440073755378
671.5627763587653,1,2,1,0.0862,0.6827366318377381
672.1194962742027,2,1,2,0.4852,0.1142440073755378
672.2000654447919,2,1,2,0.4852,0.1142440073755378
672.7673852076299,2,1,2,0.4852,0.1142440073755378
678.4193363869655,2,1,2,0.4852,0.1142440073755378
678.4438648218002,2,1,2,0.4852,0.1142440073755378
678.483829508953,2,1,2,0.4852,0.1142440073755378
678.9123327950335,1,2,1,0.0862,0.6827366318377381
680.6348282738662,1,1,2,0.0864,0.6747848801475107
682.2022640709268,2,1,2,0.4852,0.1142440073755378
683.0131361641489,2,1,2,0.4852,0.1142440073755378
684.3050244413369,2,1,2,0.4852,0.1142440073755378
687.2787652938291,1,2,1,0.0864,0.6747848801475107
688.4546509007253,1,1,2,0.0839,0.6787415488629379
689.1088363255249,1,1,2,0.0873,0.6862323294406883
690.9990492340326,1,1,2,0.0838,0.6723263675476336
692.76416023199,2,1,2,0.4852,0.1142440073755378
692.9913502035357,2,1,2,0.4852,0.1142440073755378
694.5929729778948,2,1,2,0.4852,0.1142440073755378
695.3000689770181,1,2,1,0.0838,0.6723263675476336
696.362412391164,1,2,1,0.0838,0.6723263675476336
696.6613215444357,2,1,2,0.4852,0.1142440073755378
697.3535373848846,1,1,2,0.0882,0.678318992009834
697.4391290046275,2,2,1,0.4894,0.10675322679778734
698.59086798876,1,2,1,0.0882,0.678318992009834
698.838249272767,2,1,2,0.4894,0.10675322679778734
701.1248479197192,2,1,2,0.4894,0.10675322679778734
701.5107310324055,1,1,2,0.0862,0.6848494161032576
701.6501049016484,2,2,1,0.489,0.11170866625691457
701.7389019159637,2,2,1,0.4917,0.08954363859864782
702.735519372039,2,1,2,0.4917,0.08954363859864782
706.7704517511015,1,2,1,0.0862,0.6848494161032576
706.9008827088412,2,2,1,0.4704,0.09492163491087892
706.965467450597,1,2,1,0.0862,0.6848494161032576
707.3076249628442,1,1,2,0.0851,0.684119545175169
708.2546463394614,2,1,2,0.4704,0.09492163491087892
709.0982706671631,1,1,2,0.0865,0.6896511985248924
709.3032386526767,2,2,1,0.4979,0.11101720958819913
711.026921760636,2,1,2,0.4979,0.11101720958819913
711.0771570037663,2,1,2,0.4979,0.11101720958819913
711.356156163807,1,2,1,0.0865,0.6896511985248924
711.8188373918271,2,1,2,0.4979,0.11101720958819913
712.3771948898666,2,2,1,0.4921,0.10713736939151813
714.2493512879038,2,2,1,0.4794,0.09188690842040566
716.2849402971383,2,1,2,0.4794,0.09188690842040566
717.6217619501225,1,2,1,0.0865,0.6896511985248924
718.1683301843532,2,1,2,0.4794,0.09188690842040566
719.0771121170402,1,1,2,0.0809,0.675361094038107
721.5889107059637,1,2,1,0.0809,0.675361094038107
722.6560344504584,2,1,2,0.4794,0.09188690842040566
723.4011308774152,2,2,1,0.5025,0.09561309157959434
723.6102354884897,2,1,2,0.5025,0.09561309157959434
723.9143480478704,2,1,2,0.5025,0.09561309157959434
725.2383089116331,2,1,2,0.5025,0.09561309157959434
726.4839044434275,2,2,1,0.4922,0.10156730178242164
726.7188330201179,2,1,2,0.4922,0.10156730178242164
727.5436498193939,1,1,2,0.0886,0.6846957590657652
729.0554245040377,2,2,1,0.4947,0.09907037492317149
730.9500460053939,1,1,2,0.0865,0.6826213890596189
731.2841577218002,2,1,2,0.4947,0.09907037492317149
732.0086227090073,1,1,2,0.0867,0.6839658881376767
732.3967005335813,1,1,2,0.0846,0.6799323909035033
733.1869775458578,2,1,2,0.4947,0.09907037492317149
734.2341245267515,2,2,1,0.4954,0.12430854333128458
734.3997944270317,2,1,2,0.4954,0.12430854333128458
734.6129729915895,2,1,2,0.4954,0.12430854333128458
736.1040378538627,1,2,1,0.0846,0.6799323909035033
737.1067145905859,1,2,1,0.0846,0.6799323909035033
738.4203782782009,1,2,1,0.0846,0.6799323909035033
738.9430932053996,2,1,2,0.4954,0.12430854333128458
740.5961827232542,2,1,2,0.4954,0.12430854333128458
742.1922370161155,1,2,1,0.0846,0.6799323909035033
744.7961650078691,2,1,2,0.4954,0.12430854333128458
746.3078220890634,1,2,1,0.0846,0.6799323909035033
746.3822115145884,1,2,1,0.0846,0.6799323909035033
747.0149394518043,2,1,2,0.4954,0.12430854333128458
747.3191798832112,1,2,1,0.0846,0.6799323909035033
748.1058596615629,1,2,1,0.0846,0.6799323909035033
748.6083367416182,2,1,2,0.4954,0.12430854333128458
748.7704388224304,2,1,2,0.4954,0.12430854333128458
748.9244712883642,1,2,1,0.0846,0.6799323909035033
749.2752858590916,1,1,2,0.0903,0.6902274124154887
749.5616419404661,1,1,2,0.0862,0.6845421020282729
751.604124456101,2,1,2,0.4954,0.12430854333128458
752.1399620145511,2,2,1,0.4984,0.10099108789182544
752.4422942190128,2,1,2,0.4984,0.10099108789182544
752.7933675079794,2,1,2,0.4984,0.10099108789182544
753.1747053949473,2,1,2,0.4984,0.10099108789182544
756.1564026292298,2,1,2,0.4984,0.10099108789182544
757.6104865130494,1,2,1,0.0862,0.6845421020282729
759.4602792438416,2,1,2,0.4984,0.10099108789182544
759.7934452344872,1,2,1,0.0862,0.6845421020282729
763.8271636192219,1,2,1,0.0862,0.6845421020282729
765.5023609099529,1,2,1,0.0862,0.6845421020282729
765.6023995909158,2,1,2,0.4984,0.10099108789182544
766.6323391270129,2,1,2,0.4984,0.10099108789182544
766.7490193257909,2,1,2,0.4984,0.10099108789182544
766.8051537078009,1,2,1,0.0862,0.6845421020282729
767.5591237372919,1,1,2,0.0881,0.6876920712968654
767.7939361974244,2,2,1,0.4992,0.09814843269821757
768.3552238227528,2,1,2,0.4992,0.09814843269821757
769.5514358669313,1,2,1,0.0881,0.6876920712968654
769.9509578819985,2,1,2,0.4992,0.09814843269821757
770.8978767610814,1,1,2,0.086,0.6860786724031961
772.6476648968014,2,1,2,0.4992,0.09814843269821757
777.082842972852,2,1,2,0.4992,0.09814843269821757
777.4980285648835,2,1,2,0.4992,0.09814843269821757
778.1289293628962,1,2,1,0.086,0.6860786724031961
778.6299801190437,2,1,2,0.4992,0.09814843269821757
779.0526076700093,1,2,1,0.086,0.6860786724031961
779.2176556958161,2,1,2,0.4992,0.09814843269821757
779.2499731923238,1,2,1,0.086,0.6860786724031961
782.5290110496487,1,2,1,0.086,0.6860786724031961
782.9157579696767,1,2,1,0.086,0.6860786724031961
783.3983023922355,1,2,1,0.086,0.6860786724031961
783.8821126058248,2,1,2,0.4992,0.09814843269821757
784.1017669196204,2,1,2,0.4992,0.09814843269821757
784.4377513902185,2,2,1,0.4966,0.12526889981561157
784.5720924919632,1,2,1,0.086,0.6860786724031961
785.0141018278085,1,1,2,0.0858,0.6886140135218193
785.1862612772891,2,1,2,0.4966,0.12526889981561157
785.8479293016852,1,2,1,0.0858,0.6886140135218193
787.1994860506002,2,1,2,0.4966,0.12526889981561157
787.3859225496517,1,1,2,0.0867,0.6820451751690227
787.7651229851302,2,1,2,0.4966,0.12526889981561157
787.8873556608215,1,1,2,0.0846,0.6875384142593731
788.0510913814717,2,1,2,0.4966,0.12526889981561157
788.2873794010081,2,1,2,0.4966,0.12526889981561157
788.6796763585936,1,2,1,0.0846,0.6875384142593731
788.7205829671406,2,1,2,0.4966,0.12526889981561157
788.9793923022229,2,1,2,0.4966,0.12526889981561157
791.0350927118378,1,1,2,0.088,0.6878841425937308
793.1473844788238,2,1,2,0.4966,0.12526889981561157
793.335608208387,2,2,1,0.4879,0.10352642901044867
793.419511227692,1,1,2,0.0844,0.6888060848186847
793.496681422616,2,1,2,0.4879,0.10352642901044867
794.8656864680501,2,1,2,0.4879,0.10352642901044867
795.7839817416924,1,2,1,0.0844,0.6888060848186847
797.3183209399982,2,1,2,0.4879,0.10352642901044867
797.5398983120449,1,1,2,0.0909,0.6820835894283959
797.649094503698,1,1,2,0.0856,0.6899969268592502
798.1149874614273,2,1,2,0.4879,0.10352642901044867
798.2208673954841,2,1,2,0.4879,0.10352642901044867
798.3690888070395,1,1,2,0.0835,0.6936462814996927
801.1788520776026,2,1,2,0.4879,0.10352642901044867
802.1009228680756,1,2,1,0.0835,0.6936462814996927
803.9229064960291,2,1,2,0.4879,0.10352642901044867
807.3953127794042,1,1,2,0.0879,0.688460356484327
808.5762196571235,2,1,2,0.4879,0.10352642901044867
809.7527556692555,2,1,2,0.4879,0.10352642901044867
811.5040614627928,1,2,1,0.0879,0.688460356484327
811.6396353884438,1,2,1,0.0879,0.688460356484327
812.1636612206329,1,1,2,0.0841,0.6926090964966195
812.5235817503373,2,1,2,0.4879,0.10352642901044867
813.5390064697548,2,2,1,0.4891,0.11601106330669944
815.0737467010866,2,1,2,0.4891,0.11601106330669944
815.8903764734824,2,1,2,0.4891,0.11601106330669944
817.0752574276106,1,2,1,0.0841,0.6926090964966195
819.0726842537174,2,1,2,0.4891,0.11601106330669944
819.6892316276977,2,1,2,0.4891,0.11601106330669944
821.3754659931835,1,2,1,0.0841,0.6926090964966195
821.9070328997523,2,1,2,0.4891,0.11601106330669944
823.0480188533301,2,1,2,0.4891,0.11601106330669944
824.0322206713981,1,2,1,0.0841,0.6926090964966195
825.9485528556847,1,1,2,0.0841,0.6971035648432699
829.6110907932797,1,2,1,0.0841,0.6971035648432699
831.5817960096331,1,2,1,0.0841,0.6971035648432699
832.5531964144259,2,2,1,0.4937,0.09711124769514444
833.3868586673337,2,2,1,0.4822,0.1198140749846343
833.9511909282759,2,1,2,0.4822,0.1198140749846343
834.619063388126,2,2,1,0.5,0.10967271051014137
834.797027771983,2,1,2,0.5,0.10967271051014137
837.5589193876298,2,2,1,0.4983,0.1142440073755378
837.6436900196715,1,1,2,0.0868,0.6806238475722188
839.9491843922654,1,1,2,0.085,0.6914566687154272
840.7033751534666,2,2,1,0.4984,0.1001459741856177
841.9492470427859,1,2,1,0.085,0.6914566687154272
843.0876267875743,2,1,2,0.4984,0.1001459741856177
843.2426628872461,2,1,2,0.4984,0.1001459741856177
843.4493607306126,1,1,2,0.0873,0.6959511370620775
844.0494397161568,2,1,2,0.4984,0.1001459741856177
845.8815357881416,2,1,2,0.4984,0.1001459741856177
846.8461569488978,1,2,1,0.0873,0.6959511370620775
849.1792827536402,1,2,1,0.0873,0.6959511370620775
849.7708941899251,2,2,1,0.5005,0.10525507068223725
850.4949165970238,2,2,1,0.5033,0.11585740626920712
850.5455109079735,2,1,2,0.5033,0.11585740626920712
852.6877243407349,2,1,2,0.5033,0.11585740626920712
852.883646935261,2,1,2,0.5033,0.11585740626920712
855.60185341107,1,2,1,0.0873,0.6959511370620775
856.1828206157172,2,1,2,0.5033,0.11585740626920712
857.2804517977929,2,2,1,0.4974,0.11032575291948371
859.9124842719629,2,1,2,0.4974,0.11032575291948371
860.7334516619757,1,1,2,0.0873,0.6936846957590658
861.5005163671756,1,2,1,0.0873,0.6936846957590658
861.615908660933,1,2,1,0.0873,0.6936846957590658
862.4876861135151,2,1,2,0.4974,0.11032575291948371
863.2714353402085,2,1,2,0.4974,0.11032575291948371
866.7185226454079,1,1,2,0.0893,0.692801167793485
871.4476001339449,2,1,2,0.4974,0.11032575291948371
872.5383699187719,1,1,2,0.0835,0.6859250153657037
872.5833221357949,2,1,2,0.4974,0.11032575291948371
872.7696903836273,1,1,2,0.0872,0.6915334972341733
873.1178846752765,1,2,1,0.0872,0.6915334972341733
873.5652687064014,2,2,1,0.4891,0.11693300553165335
874.9652801370567,2,1,2,0.4891,0.11693300553165335
875.3912737866948,2,1,2,0.4891,0.11693300553165335
875.8044829276988,2,2,1,0.5041,0.11021051014136447
876.8067963331735,1,2,1,0.0872,0.6915334972341733
877.5327941658346,2,1,2,0.5041,0.11021051014136447
878.5463068769004,2,1,2,0.5041,0.11021051014136447
879.5176115581176,2,1,2,0.5041,0.11021051014136447
881.8037542574323,2,2,1,0.4901,0.1097879532882606
886.3350423108172,1,1,2,0.0858,0.6946066379840197
887.0542931151714,1,2,1,0.0858,0.6946066379840197
887.2271209889806,2,1,2,0.4901,0.1097879532882606
888.2695487066444,2,1,2,0.4901,0.1097879532882606
888.6522523532582,2,1,2,0.4901,0.1097879532882606
889.5853494226652,2,1,2,0.4901,0.1097879532882606
890.5600946650528,2,1,2,0.4901,0.1097879532882606
890.6469448294636,2,1,2,0.4901,0.1097879532882606
891.1225649186854,1,2,1,0.0858,0.6946066379840197
891.2466030636168,1,2,1,0.0858,0.6946066379840197
891.3491380871296,1,2,1,0.0858,0.6946066379840197
896.5047686727215,2,1,2,0.4901,0.1097879532882606
897.774307958563,1,2,1,0.0858,0.6946066379840197
902.0837282298537,1,1,2,0.0843,0.7020974185617701
903.4905881927406,2,1,2,0.4901,0.1097879532882606
904.414925445763,2,1,2,0.4901,0.1097879532882606
904.7464894974239,2,1,2,0.4901,0.1097879532882606
907.3731916196137,2,1,2,0.4901,0.1097879532882606
907.8691264143548,2,2,1,0.5042,0.11163183773816841
908.8938762433925,1,1,2,0.0805,0.6819683466502766
909.97169757414,2,1,2,0.5042,0.11163183773816841
912.0213124959594,1,1,2,0.083,0.6988706207744315
912.43872915648,1,1,2,0.0827,0.6953749231714813
914.6429664395505,1,2,1,0.0827,0.6953749231714813
914.8020404899232,2,1,2,0.5042,0.11163183773816841
915.2717010596039,2,1,2,0.5042,0.11163183773816841
915.7326379413065,1,2,1,0.0827,0.6953749231714813
915.9091885547447,2,1,2,0.5042,0.11163183773816841
917.0866935062699,2,2,1,0.4927,0.11409035033804549
917.7655323524473,1,2,1,0.0827,0.6953749231714813
919.1105676289659,1,1,2,0.0872,0.6989090350338045
922.6776919241524,2,2,1,0.4997,0.10736785494775661
923.7910310320106,1,2,1,0.0872,0.6989090350338045
925.5298820103212,2,1,2,0.4997,0.10736785494775661
927.2004054885557,1,2,1,0.0872,0.6989090350338045
927.8159731063981,2,2,1,0.4906,0.08266748617086662
928.5757832160891,2,1,2,0.4906,0.08266748617086662
929.6863083140039,2,1,2,0.4906,0.08266748617086662
930.5419354191654,1,2,1,0.0872,0.6989090350338045
931.2619096291385,1,2,1,0.0872,0.6989090350338045
934.1721540529741,1,2,1,0.0872,0.6989090350338045
934.5215384256126,1,2,1,0.0872,0.6989090350338045
935.7783847258371,1,2,1,0.0872,0.6989090350338045
935.7959343111625,1,1,2,0.0865,0.6938767670559312
936.6574416476471,1,1,2,0.0849,0.6833512599877074
936.7271098326398,1,2,1,0.0849,0.6833512599877074
937.5396709584545,1,2,1,0.0849,0.6833512599877074
937.8708019956583,1,2,1,0.0849,0.6833512599877074
938.5092965356853,1,1,2,0.0843,0.6959895513214506
938.5629960059007,2,1,2,0.4906,0.08266748617086662
938.86197009563,1,2,1,0.0843,0.6959895513214506
939.3013355275538,1,2,1,0.0843,0.6959895513214506
939.9248516118859,1,2,1,0.0843,0.6959895513214506
940.0463671348164,2,1,2,0.4906,0.08266748617086662
942.2728795166555,2,1,2,0.4906,0.08266748617086662
943.1303147481236,2,1,2,0.4906,0.08266748617086662
943.1344005653134,2,1,2,0.4906,0.08266748617086662
943.6221167846729,1,1,2,0.0846,0.7046327596803934
945.9898071272669,2,2,1,0.5108,0.11036416717885679
946.6075119349609,1,2,1,0.0846,0.7046327596803934
946.8072227712179,2,2,1,0.5039,0.10898125384142594
946.8090762306053,2,1,2,0.5039,0.10898125384142594
947.1570805716319,1,2,1,0.0846,0.7046327596803934
948.635721640662,2,1,2,0.5039,0.10898125384142594
948.8121937357273,2,2,1,0.5016,0.0873540258143823
949.7189244333725,2,1,2,0.5016,0.0873540258143823
950.3480845166474,2,1,2,0.5016,0.0873540258143823
951.3314537413812,2,1,2,0.5016,0.0873540258143823
953.6968287977226,1,1,2,0.0857,0.7056315304240934
955.6468386859732,2,2,1,0.491,0.09876306084818685
955.9237618768049,1,2,1,0.0857,0.7056315304240934
955.938243601548,2,1,2,0.491,0.09876306084818685
956.2152672646725,1,2,1,0.0857,0.7056315304240934
956.3303761311397,1,1,2,0.0901,0.6965657652120467
957.6859286600087,2,1,2,0.491,0.09876306084818685
957.8064921654892,2,1,2,0.491,0.09876306084818685
958.4290136239566,1,2,1,0.0901,0.6965657652120467
960.2514131295367,1,2,1,0.0901,0.6965657652120467
960.7304580045521,2,1,2,0.491,0.09876306084818685
962.2220257320903,2,2,1,0.497,0.11704824830977259
962.9665755448805,1,2,1,0.0901,0.6965657652120467
963.3170599556481,2,1,2,0.497,0.11704824830977259
964.5791622024028,2,1,2,0.497,0.11704824830977259
964.8050014113354,2,1,2,0.497,0.11704824830977259
965.9935166645182,1,1,2,0.087,0.7035571604179471
968.4291828589561,2,1,2,0.497,0.11704824830977259
969.0849678304457,2,1,2,0.497,0.11704824830977259
969.748592832435,1,1,2,0.0868,0.6931468961278426
969.7496434443393,1,2,1,0.0868,0.6931468961278426
969.7769534400476,1,2,1,0.0868,0.6931468961278426
969.9130484820379,2,1,2,0.497,0.11704824830977259
970.1327704365173,1,2,1,0.0868,0.6931468961278426
971.3380548948946,2,1,2,0.497,0.11704824830977259
973.9541753954416,2,2,1,0.4975,0.10429471419791027
975.2558931018517,1,2,1,0.0868,0.6931468961278426
975.499434795869,1,2,1,0.0868,0.6931468961278426
978.839664181717,2,1,2,0.4975,0.10429471419791027
979.2211078061702,1,1,2,0.0834,0.6954517516902274
984.3131324520697,1,2,1,0.0834,0.6954517516902274
984.4555512201306,2,2,1,0.4914,0.09446066379840197
984.9546945921724,1,2,1,0.0834,0.6954517516902274
985.6913444522835,2,1,2,0.4914,0.09446066379840197
987.3793398813197,1,2,1,0.0834,0.6954517516902274
989.5834646753724,1,2,1,0.0834,0.6954517516902274
990.0022830583857,1,2,1,0.0834,0.6954517516902274
990.5175182418362,2,1,2,0.4914,0.09446066379840197
990.7877944221152,1,2,1,0.0834,0.6954517516902274
991.765706685926,1,1,2,0.0844,0.7057851874615857
992.2178700750267,2,1,2,0.4914,0.09446066379840197
992.3673786434857,2,1,2,0.4914,0.09446066379840197
992.8458287315276,2,1,2,0.4914,0.09446066379840197
993.9442457674902,2,2,1,0.4992,0.10752151198524892
994.163610780642,2,2,1,0.5097,0.10844345421020282
995.0765409672317,1,1,2,0.0852,0.6972572218807621
995.248955127936,1,1,2,0.0876,0.7004456054087277
995.5831810544838,2,1,2,0.5097,0.10844345421020282
995.652541557733,1,2,1,0.0876,0.7004456054087277
996.2459655995667,1,2,1,0.0876,0.7004456054087277
997.0601420286818,1,2,1,0.0876,0.7004456054087277
997.0886819265007,2,1,2,0.5097,0.10844345421020282
1003.3934384899994,1,2,1,0.0876,0.7004456054087277
