root,param_folder,param_dir,error
/project/theorie/n/N.Pfaffenzeller/results_project/checkpoint/2b2t15c10000e5-6lr100ls_full_phase_diagram,param_100_rep_5,/project/theorie/n/N.Pfaffenzeller/results_project/checkpoint/2b2t15c10000e5-6lr100ls_full_phase_diagram/data/param_100_rep_5,missing config.json
/project/theorie/n/N.Pfaffenzeller/results_project/checkpoint/2b2t15c10000e5-6lr100ls_full_phase_diagram,param_101_rep_2,/project/theorie/n/N.Pfaffenzeller/results_project/checkpoint/2b2t15c10000e5-6lr100ls_full_phase_diagram/data/param_101_rep_2,missing config.json
/project/theorie/n/N.Pfaffenzeller/results_project/checkpoint/2b2t15c10000e5-6lr100ls_full_phase_diagram,param_101_rep_3,/project/theorie/n/N.Pfaffenzeller/results_project/checkpoint/2b2t15c10000e5-6lr100ls_full_phase_diagram/data/param_101_rep_3,missing config.json
/project/theorie/n/N.Pfaffenzeller/results_project/checkpoint/2b2t15c10000e5-6lr100ls_full_phase_diagram,param_101_rep_4,/project/theorie/n/N.Pfaffenzeller/results_project/checkpoint/2b2t15c10000e5-6lr100ls_full_phase_diagram/data/param_101_rep_4,missing config.json
/project/theorie/n/N.Pfaffenzeller/results_project/checkpoint/2b2t15c10000e5-6lr100ls_full_phase_diagram,param_102_rep_4,/project/theorie/n/N.Pfaffenzeller/results_project/checkpoint/2b2t15c10000e5-6lr100ls_full_phase_diagram/data/param_102_rep_4,missing config.json
/project/theorie/n/N.Pfaffenzeller/results_project/checkpoint/2b2t15c10000e5-6lr100ls_full_phase_diagram,param_103_rep_1,/project/theorie/n/N.Pfaffenzeller/results_project/checkpoint/2b2t15c10000e5-6lr100ls_full_phase_diagram/data/param_103_rep_1,missing config.json
/project/theorie/n/N.Pfaffenzeller/results_project/checkpoint/2b2t15c10000e5-6lr100ls_full_phase_diagram,param_103_rep_2,/project/theorie/n/N.Pfaffenzeller/results_project/checkpoint/2b2t15c10000e5-6lr100ls_full_phase_diagram/data/param_103_rep_2,missing config.json
/project/theorie/n/N.Pfaffenzeller/results_project/checkpoint/2b2t15c10000e5-6lr100ls_full_phase_diagram,param_103_rep_3,/project/theorie/n/N.Pfaffenzeller/results_project/checkpoint/2b2t15c10000e5-6lr100ls_full_phase_diagram/data/param_103_rep_3,missing config.json
/project/theorie/n/N.Pfaffenzeller/results_project/checkpoint/2b2t15c10000e5-6lr100ls_full_phase_diagram,param_104_rep_3,/project/theorie/n/N.Pfaffenzeller/results_project/checkpoint/2b2t15c10000e5-6lr100ls_full_phase_diagram/data/param_104_rep_3,missing config.json
/project/theorie/n/N.Pfaffenzeller/results_project/checkpoint/2b2t15c10000e5-6lr100ls_full_phase_diagram,param_105_rep_3,/project/theorie/n/N.Pfaffenzeller/results_project/checkpoint/2b2t15c10000e5-6lr100ls_full_phase_diagram/data/param_105_rep_3,missing config.json
/project/theorie/n/N.Pfaffenzeller/results_project/checkpoint/2b2t15c10000e5-6lr100ls_full_phase_diagram,param_105_rep_4,/project/theorie/n/N.Pfaffenzeller/results_project/checkpoint/2b2t15c10000e5-6lr100ls_full_phase_diagram/data/param_105_rep_4,missing config.json
/project/theorie/n/N.Pfaffenzeller/results_project/checkpoint/2b2t15c10000e5-6lr100ls_full_phase_diagram,param_106_rep_1,/project/theorie/n/N.Pfaffenzeller/results_project/checkpoint/2b2t15c10000e5-6lr100ls_full_phase_diagram/data/param_106_rep_1,missing config.json
/project/theorie/n/N.Pfaffenzeller/results_project/checkpoint/2b2t15c10000e5-6lr100ls_full_phase_diagram,param_107_rep_2,/project/theorie/n/N.Pfaffenzeller/results_project/checkpoint/2b2t15c10000e5-6lr100ls_full_phase_diagram/data/param_107_rep_2,missing config.json
/project/theorie/n/N.Pfaffenzeller/results_project/checkpoint/2b2t15c10000e5-6lr100ls_full_phase_diagram,param_107_rep_4,/project/theorie/n/N.Pfaffenzeller/results_project/checkpoint/2b2t15c10000e5-6lr100ls_full_phase_diagram/data/param_107_rep_4,missing config.json
/project/theorie/n/N.Pfaffenzeller/results_project/checkpoint/2b2t15c10000e5-6lr100ls_full_phase_diagram,param_109_rep_3,/project/theorie/n/N.Pfaffenzeller/results_project/checkpoint/2b2t15c10000e5-6lr100ls_full_phase_diagram/data/param_109_rep_3,missing config.json
/project/theorie/n/N.Pfaffenzeller/results_project/checkpoint/2b2t15c10000e5-6lr100ls_full_phase_diagram,param_109_rep_4,/project/theorie/n/N.Pfaffenzeller/results_project/checkpoint/2b2t15c10000e5-6lr100ls_full_phase_diagram/data/param_109_rep_4,missing config.json
/project/theorie/n/N.Pfaffenzeller/results_project/checkpoint/2b2t15c10000e5-6lr100ls_full_phase_diagram,param_110_rep_1,/project/theorie/n/N.Pfaffenzeller/results_project/checkpoint/2b2t15c10000e5-6lr100ls_full_phase_diagram/data/param_110_rep_1,missing config.json
/project/theorie/n/N.Pfaffenzeller/results_project/checkpoint/2b2t15c10000e5-6lr100ls_full_phase_diagram,param_110_rep_2,/project/theorie/n/N.Pfaffenzeller/results_project/checkpoint/2b2t15c10000e5-6lr100ls_full_phase_diagram/data/param_110_rep_2,missing config.json
/project/theorie/n/N.Pfaffenzeller/results_project/checkpoint/2b2t15c10000e5-6lr100ls_full_phase_diagram,param_110_rep_4,/project/theorie/n/N.Pfaffenzeller/results_project/checkpoint/2b2t15c10000e5-6lr100ls_full_phase_diagram/data/param_110_rep_4,missing config.json
/project/theorie/n/N.Pfaffenzeller/results_project/checkpoint/2b2t15c10000e5-6lr100ls_full_phase_diagram,param_111_rep_1,/project/theorie/n/N.Pfaffenzeller/results_project/checkpoint/2b2t15c10000e5-6lr100ls_full_phase_diagram/data/param_111_rep_1,missing config.json
/project/theorie/n/N.Pfaffenzeller/results_project/checkpoint/2b2t15c10000e5-6lr100ls_full_phase_diagram,param_111_rep_3,/project/theorie/n/N.Pfaffenzeller/results_project/checkpoint/2b2t15c10000e5-6lr100ls_full_phase_diagram/data/param_111_rep_3,missing config.json
/project/theorie/n/N.Pfaffenzeller/results_project/checkpoint/2b2t15c10000e5-6lr100ls_full_phase_diagram,param_111_rep_5,/project/theorie/n/N.Pfaffenzeller/results_project/checkpoint/2b2t15c10000e5-6lr100ls_full_phase_diagram/data/param_111_rep_5,missing config.json
/project/theorie/n/N.Pfaffenzeller/results_project/checkpoint/2b2t15c10000e5-6lr100ls_full_phase_diagram,param_112_rep_1,/project/theorie/n/N.Pfaffenzeller/results_project/checkpoint/2b2t15c10000e5-6lr100ls_full_phase_diagram/data/param_112_rep_1,missing config.json
/project/theorie/n/N.Pfaffenzeller/results_project/checkpoint/2b2t15c10000e5-6lr100ls_full_phase_diagram,param_113_rep_1,/project/theorie/n/N.Pfaffenzeller/results_project/checkpoint/2b2t15c10000e5-6lr100ls_full_phase_diagram/data/param_113_rep_1,missing config.json
/project/theorie/n/N.Pfaffenzeller/results_project/checkpoint/2b2t15c10000e5-6lr100ls_full_phase_diagram,param_113_rep_4,/project/theorie/n/N.Pfaffenzeller/results_project/checkpoint/2b2t15c10000e5-6lr100ls_full_phase_diagram/data/param_113_rep_4,missing config.json
/project/theorie/n/N.Pfaffenzeller/results_project/checkpoint/2b2t15c10000e5-6lr100ls_full_phase_diagram,param_114_rep_4,/project/theorie/n/N.Pfaffenzeller/results_project/checkpoint/2b2t15c10000e5-6lr100ls_full_phase_diagram/data/param_114_rep_4,missing config.json
/project/theorie/n/N.Pfaffenzeller/results_project/checkpoint/2b2t15c10000e5-6lr100ls_full_phase_diagram,param_115_rep_2,/project/theorie/n/N.Pfaffenzeller/results_project/checkpoint/2b2t15c10000e5-6lr100ls_full_phase_diagram/data/param_115_rep_2,missing config.json
/project/theorie/n/N.Pfaffenzeller/results_project/checkpoint/2b2t15c10000e5-6lr100ls_full_phase_diagram,param_115_rep_4,/project/theorie/n/N.Pfaffenzeller/results_project/checkpoint/2b2t15c10000e5-6lr100ls_full_phase_diagram/data/param_115_rep_4,missing config.json
/project/theorie/n/N.Pfaffenzeller/results_project/checkpoint/2b2t15c10000e5-6lr100ls_full_phase_diagram,param_116_rep_1,/project/theorie/n/N.Pfaffenzeller/results_project/checkpoint/2b2t15c10000e5-6lr100ls_full_phase_diagram/data/param_116_rep_1,missing config.json
/project/theorie/n/N.Pfaffenzeller/results_project/checkpoint/2b2t15c10000e5-6lr100ls_full_phase_diagram,param_116_rep_2,/project/theorie/n/N.Pfaffenzeller/results_project/checkpoint/2b2t15c10000e5-6lr100ls_full_phase_diagram/data/param_116_rep_2,missing config.json
/project/theorie/n/N.Pfaffenzeller/results_project/checkpoint/2b2t15c10000e5-6lr100ls_full_phase_diagram,param_116_rep_5,/project/theorie/n/N.Pfaffenzeller/results_project/checkpoint/2b2t15c10000e5-6lr100ls_full_phase_diagram/data/param_116_rep_5,missing config.json
/project/theorie/n/N.Pfaffenzeller/results_project/checkpoint/2b2t15c10000e5-6lr100ls_full_phase_diagram,param_117_rep_4,/project/theorie/n/N.Pfaffenzeller/results_project/checkpoint/2b2t15c10000e5-6lr100ls_full_phase_diagram/data/param_117_rep_4,missing config.json
/project/theorie/n/N.Pfaffenzeller/results_project/checkpoint/2b2t15c10000e5-6lr100ls_full_phase_diagram,param_118_rep_4,/project/theorie/n/N.Pfaffenzeller/results_project/checkpoint/2b2t15c10000e5-6lr100ls_full_phase_diagram/data/param_118_rep_4,missing config.json
/project/theorie/n/N.Pfaffenzeller/results_project/checkpoint/2b2t15c10000e5-6lr100ls_full_phase_diagram,param_118_rep_5,/project/theorie/n/N.Pfaffenzeller/results_project/checkpoint/2b2t15c10000e5-6lr100ls_full_phase_diagram/data/param_118_rep_5,missing config.json
/project/theorie/n/N.Pfaffenzeller/results_project/checkpoint/2b2t15c10000e5-6lr100ls_full_phase_diagram,param_119_rep_4,/project/theorie/n/N.Pfaffenzeller/results_project/checkpoint/2b2t15c10000e5-6lr100ls_full_phase_diagram/data/param_119_rep_4,missing config.json
/project/theorie/n/N.Pfaffenzeller/results_project/checkpoint/2b2t15c10000e5-6lr100ls_full_phase_diagram,param_119_rep_5,/project/theorie/n/N.Pfaffenzeller/results_project/checkpoint/2b2t15c10000e5-6lr100ls_full_phase_diagram/data/param_119_rep_5,missing config.json
/project/theorie/n/N.Pfaffenzeller/results_project/checkpoint/2b2t15c10000e5-6lr100ls_full_phase_diagram,param_11_rep_1,/project/theorie/n/N.Pfaffenzeller/results_project/checkpoint/2b2t15c10000e5-6lr100ls_full_phase_diagram/data/param_11_rep_1,missing config.json
/project/theorie/n/N.Pfaffenzeller/results_project/checkpoint/2b2t15c10000e5-6lr100ls_full_phase_diagram,param_11_rep_5,/project/theorie/n/N.Pfaffenzeller/results_project/checkpoint/2b2t15c10000e5-6lr100ls_full_phase_diagram/data/param_11_rep_5,missing config.json
/project/theorie/n/N.Pfaffenzeller/results_project/checkpoint/2b2t15c10000e5-6lr100ls_full_phase_diagram,param_120_rep_1,/project/theorie/n/N.Pfaffenzeller/results_project/checkpoint/2b2t15c10000e5-6lr100ls_full_phase_diagram/data/param_120_rep_1,missing config.json
/project/theorie/n/N.Pfaffenzeller/results_project/checkpoint/2b2t15c10000e5-6lr100ls_full_phase_diagram,param_120_rep_4,/project/theorie/n/N.Pfaffenzeller/results_project/checkpoint/2b2t15c10000e5-6lr100ls_full_phase_diagram/data/param_120_rep_4,missing config.json
/project/theorie/n/N.Pfaffenzeller/results_project/checkpoint/2b2t15c10000e5-6lr100ls_full_phase_diagram,param_121_rep_2,/project/theorie/n/N.Pfaffenzeller/results_project/checkpoint/2b2t15c10000e5-6lr100ls_full_phase_diagram/data/param_121_rep_2,missing config.json
/project/theorie/n/N.Pfaffenzeller/results_project/checkpoint/2b2t15c10000e5-6lr100ls_full_phase_diagram,param_121_rep_5,/project/theorie/n/N.Pfaffenzeller/results_project/checkpoint/2b2t15c10000e5-6lr100ls_full_phase_diagram/data/param_121_rep_5,missing config.json
/project/theorie/n/N.Pfaffenzeller/results_project/checkpoint/2b2t15c10000e5-6lr100ls_full_phase_diagram,param_122_rep_1,/project/theorie/n/N.Pfaffenzeller/results_project/checkpoint/2b2t15c10000e5-6lr100ls_full_phase_diagram/data/param_122_rep_1,missing config.json
/project/theorie/n/N.Pfaffenzeller/results_project/checkpoint/2b2t15c10000e5-6lr100ls_full_phase_diagram,param_122_rep_3,/project/theorie/n/N.Pfaffenzeller/results_project/checkpoint/2b2t15c10000e5-6lr100ls_full_phase_diagram/data/param_122_rep_3,missing config.json
/project/theorie/n/N.Pfaffenzeller/results_project/checkpoint/2b2t15c10000e5-6lr100ls_full_phase_diagram,param_122_rep_5,/project/theorie/n/N.Pfaffenzeller/results_project/checkpoint/2b2t15c10000e5-6lr100ls_full_phase_diagram/data/param_122_rep_5,missing config.json
/project/theorie/n/N.Pfaffenzeller/results_project/checkpoint/2b2t15c10000e5-6lr100ls_full_phase_diagram,param_123_rep_4,/project/theorie/n/N.Pfaffenzeller/results_project/checkpoint/2b2t15c10000e5-6lr100ls_full_phase_diagram/data/param_123_rep_4,missing config.json
/project/theorie/n/N.Pfaffenzeller/results_project/checkpoint/2b2t15c10000e5-6lr100ls_full_phase_diagram,param_124_rep_3,/project/theorie/n/N.Pfaffenzeller/results_project/checkpoint/2b2t15c10000e5-6lr100ls_full_phase_diagram/data/param_124_rep_3,missing config.json
/project/theorie/n/N.Pfaffenzeller/results_project/checkpoint/2b2t15c10000e5-6lr100ls_full_phase_diagram,param_125_rep_2,/project/theorie/n/N.Pfaffenzeller/results_project/checkpoint/2b2t15c10000e5-6lr100ls_full_phase_diagram/data/param_125_rep_2,missing config.json
/project/theorie/n/N.Pfaffenzeller/results_project/checkpoint/2b2t15c10000e5-6lr100ls_full_phase_diagram,param_126_rep_2,/project/theorie/n/N.Pfaffenzeller/results_project/checkpoint/2b2t15c10000e5-6lr100ls_full_phase_diagram/data/param_126_rep_2,missing config.json
/project/theorie/n/N.Pfaffenzeller/results_project/checkpoint/2b2t15c10000e5-6lr100ls_full_phase_diagram,param_127_rep_3,/project/theorie/n/N.Pfaffenzeller/results_project/checkpoint/2b2t15c10000e5-6lr100ls_full_phase_diagram/data/param_127_rep_3,missing config.json
/project/theorie/n/N.Pfaffenzeller/results_project/checkpoint/2b2t15c10000e5-6lr100ls_full_phase_diagram,param_128_rep_3,/project/theorie/n/N.Pfaffenzeller/results_project/checkpoint/2b2t15c10000e5-6lr100ls_full_phase_diagram/data/param_128_rep_3,missing config.json
/project/theorie/n/N.Pfaffenzeller/results_project/checkpoint/2b2t15c10000e5-6lr100ls_full_phase_diagram,param_129_rep_5,/project/theorie/n/N.Pfaffenzeller/results_project/checkpoint/2b2t15c10000e5-6lr100ls_full_phase_diagram/data/param_129_rep_5,missing config.json
/project/theorie/n/N.Pfaffenzeller/results_project/checkpoint/2b2t15c10000e5-6lr100ls_full_phase_diagram,param_12_rep_1,/project/theorie/n/N.Pfaffenzeller/results_project/checkpoint/2b2t15c10000e5-6lr100ls_full_phase_diagram/data/param_12_rep_1,missing config.json
/project/theorie/n/N.Pfaffenzeller/results_project/checkpoint/2b2t15c10000e5-6lr100ls_full_phase_diagram,param_12_rep_4,/project/theorie/n/N.Pfaffenzeller/results_project/checkpoint/2b2t15c10000e5-6lr100ls_full_phase_diagram/data/param_12_rep_4,missing config.json
/project/theorie/n/N.Pfaffenzeller/results_project/checkpoint/2b2t15c10000e5-6lr100ls_full_phase_diagram,param_130_rep_1,/project/theorie/n/N.Pfaffenzeller/results_project/checkpoint/2b2t15c10000e5-6lr100ls_full_phase_diagram/data/param_130_rep_1,missing config.json
/project/theorie/n/N.Pfaffenzeller/results_project/checkpoint/2b2t15c10000e5-6lr100ls_full_phase_diagram,param_130_rep_2,/project/theorie/n/N.Pfaffenzeller/results_project/checkpoint/2b2t15c10000e5-6lr100ls_full_phase_diagram/data/param_130_rep_2,missing config.json
/project/theorie/n/N.Pfaffenzeller/results_project/checkpoint/2b2t15c10000e5-6lr100ls_full_phase_diagram,param_130_rep_3,/project/theorie/n/N.Pfaffenzeller/results_project/checkpoint/2b2t15c10000e5-6lr100ls_full_phase_diagram/data/param_130_rep_3,missing config.json
/project/theorie/n/N.Pfaffenzeller/results_project/checkpoint/2b2t15c10000e5-6lr100ls_full_phase_diagram,param_131_rep_2,/project/theorie/n/N.Pfaffenzeller/results_project/checkpoint/2b2t15c10000e5-6lr100ls_full_phase_diagram/data/param_131_rep_2,missing config.json
/project/theorie/n/N.Pfaffenzeller/results_project/checkpoint/2b2t15c10000e5-6lr100ls_full_phase_diagram,param_131_rep_4,/project/theorie/n/N.Pfaffenzeller/results_project/checkpoint/2b2t15c10000e5-6lr100ls_full_phase_diagram/data/param_131_rep_4,missing config.json
/project/theorie/n/N.Pfaffenzeller/results_project/checkpoint/2b2t15c10000e5-6lr100ls_full_phase_diagram,param_131_rep_5,/project/theorie/n/N.Pfaffenzeller/results_project/checkpoint/2b2t15c10000e5-6lr100ls_full_phase_diagram/data/param_131_rep_5,missing config.json
/project/theorie/n/N.Pfaffenzeller/results_project/checkpoint/2b2t15c10000e5-6lr100ls_full_phase_diagram,param_132_rep_2,/project/theorie/n/N.Pfaffenzeller/results_project/checkpoint/2b2t15c10000e5-6lr100ls_full_phase_diagram/data/param_132_rep_2,missing config.json
/project/theorie/n/N.Pfaffenzeller/results_project/checkpoint/2b2t15c10000e5-6lr100ls_full_phase_diagram,param_133_rep_2,/project/theorie/n/N.Pfaffenzeller/results_project/checkpoint/2b2t15c10000e5-6lr100ls_full_phase_diagram/data/param_133_rep_2,missing config.json
/project/theorie/n/N.Pfaffenzeller/results_project/checkpoint/2b2t15c10000e5-6lr100ls_full_phase_diagram,param_133_rep_3,/project/theorie/n/N.Pfaffenzeller/results_project/checkpoint/2b2t15c10000e5-6lr100ls_full_phase_diagram/data/param_133_rep_3,missing config.json
/project/theorie/n/N.Pfaffenzeller/results_project/checkpoint/2b2t15c10000e5-6lr100ls_full_phase_diagram,param_134_rep_3,/project/theorie/n/N.Pfaffenzeller/results_project/checkpoint/2b2t15c10000e5-6lr100ls_full_phase_diagram/data/param_134_rep_3,missing config.json
/project/theorie/n/N.Pfaffenzeller/results_project/checkpoint/2b2t15c10000e5-6lr100ls_full_phase_diagram,param_137_rep_5,/project/theorie/n/N.Pfaffenzeller/results_project/checkpoint/2b2t15c10000e5-6lr100ls_full_phase_diagram/data/param_137_rep_5,missing config.json
/project/theorie/n/N.Pfaffenzeller/results_project/checkpoint/2b2t15c10000e5-6lr100ls_full_phase_diagram,param_139_rep_4,/project/theorie/n/N.Pfaffenzeller/results_project/checkpoint/2b2t15c10000e5-6lr100ls_full_phase_diagram/data/param_139_rep_4,missing config.json
/project/theorie/n/N.Pfaffenzeller/results_project/checkpoint/2b2t15c10000e5-6lr100ls_full_phase_diagram,param_13_rep_3,/project/theorie/n/N.Pfaffenzeller/results_project/checkpoint/2b2t15c10000e5-6lr100ls_full_phase_diagram/data/param_13_rep_3,missing config.json
/project/theorie/n/N.Pfaffenzeller/results_project/checkpoint/2b2t15c10000e5-6lr100ls_full_phase_diagram,param_13_rep_5,/project/theorie/n/N.Pfaffenzeller/results_project/checkpoint/2b2t15c10000e5-6lr100ls_full_phase_diagram/data/param_13_rep_5,missing config.json
/project/theorie/n/N.Pfaffenzeller/results_project/checkpoint/2b2t15c10000e5-6lr100ls_full_phase_diagram,param_140_rep_1,/project/theorie/n/N.Pfaffenzeller/results_project/checkpoint/2b2t15c10000e5-6lr100ls_full_phase_diagram/data/param_140_rep_1,missing config.json
/project/theorie/n/N.Pfaffenzeller/results_project/checkpoint/2b2t15c10000e5-6lr100ls_full_phase_diagram,param_140_rep_4,/project/theorie/n/N.Pfaffenzeller/results_project/checkpoint/2b2t15c10000e5-6lr100ls_full_phase_diagram/data/param_140_rep_4,missing config.json
/project/theorie/n/N.Pfaffenzeller/results_project/checkpoint/2b2t15c10000e5-6lr100ls_full_phase_diagram,param_141_rep_3,/project/theorie/n/N.Pfaffenzeller/results_project/checkpoint/2b2t15c10000e5-6lr100ls_full_phase_diagram/data/param_141_rep_3,missing config.json
/project/theorie/n/N.Pfaffenzeller/results_project/checkpoint/2b2t15c10000e5-6lr100ls_full_phase_diagram,param_141_rep_4,/project/theorie/n/N.Pfaffenzeller/results_project/checkpoint/2b2t15c10000e5-6lr100ls_full_phase_diagram/data/param_141_rep_4,missing config.json
/project/theorie/n/N.Pfaffenzeller/results_project/checkpoint/2b2t15c10000e5-6lr100ls_full_phase_diagram,param_143_rep_4,/project/theorie/n/N.Pfaffenzeller/results_project/checkpoint/2b2t15c10000e5-6lr100ls_full_phase_diagram/data/param_143_rep_4,missing config.json
/project/theorie/n/N.Pfaffenzeller/results_project/checkpoint/2b2t15c10000e5-6lr100ls_full_phase_diagram,param_143_rep_5,/project/theorie/n/N.Pfaffenzeller/results_project/checkpoint/2b2t15c10000e5-6lr100ls_full_phase_diagram/data/param_143_rep_5,missing config.json
/project/theorie/n/N.Pfaffenzeller/results_project/checkpoint/2b2t15c10000e5-6lr100ls_full_phase_diagram,param_146_rep_4,/project/theorie/n/N.Pfaffenzeller/results_project/checkpoint/2b2t15c10000e5-6lr100ls_full_phase_diagram/data/param_146_rep_4,missing config.json
/project/theorie/n/N.Pfaffenzeller/results_project/checkpoint/2b2t15c10000e5-6lr100ls_full_phase_diagram,param_147_rep_2,/project/theorie/n/N.Pfaffenzeller/results_project/checkpoint/2b2t15c10000e5-6lr100ls_full_phase_diagram/data/param_147_rep_2,missing config.json
/project/theorie/n/N.Pfaffenzeller/results_project/checkpoint/2b2t15c10000e5-6lr100ls_full_phase_diagram,param_147_rep_3,/project/theorie/n/N.Pfaffenzeller/results_project/checkpoint/2b2t15c10000e5-6lr100ls_full_phase_diagram/data/param_147_rep_3,missing config.json
/project/theorie/n/N.Pfaffenzeller/results_project/checkpoint/2b2t15c10000e5-6lr100ls_full_phase_diagram,param_148_rep_1,/project/theorie/n/N.Pfaffenzeller/results_project/checkpoint/2b2t15c10000e5-6lr100ls_full_phase_diagram/data/param_148_rep_1,missing config.json
/project/theorie/n/N.Pfaffenzeller/results_project/checkpoint/2b2t15c10000e5-6lr100ls_full_phase_diagram,param_148_rep_4,/project/theorie/n/N.Pfaffenzeller/results_project/checkpoint/2b2t15c10000e5-6lr100ls_full_phase_diagram/data/param_148_rep_4,missing config.json
/project/theorie/n/N.Pfaffenzeller/results_project/checkpoint/2b2t15c10000e5-6lr100ls_full_phase_diagram,param_149_rep_4,/project/theorie/n/N.Pfaffenzeller/results_project/checkpoint/2b2t15c10000e5-6lr100ls_full_phase_diagram/data/param_149_rep_4,missing config.json
/project/theorie/n/N.Pfaffenzeller/results_project/checkpoint/2b2t15c10000e5-6lr100ls_full_phase_diagram,param_14_rep_1,/project/theorie/n/N.Pfaffenzeller/results_project/checkpoint/2b2t15c10000e5-6lr100ls_full_phase_diagram/data/param_14_rep_1,missing config.json
/project/theorie/n/N.Pfaffenzeller/results_project/checkpoint/2b2t15c10000e5-6lr100ls_full_phase_diagram,param_14_rep_5,/project/theorie/n/N.Pfaffenzeller/results_project/checkpoint/2b2t15c10000e5-6lr100ls_full_phase_diagram/data/param_14_rep_5,missing config.json
/project/theorie/n/N.Pfaffenzeller/results_project/checkpoint/2b2t15c10000e5-6lr100ls_full_phase_diagram,param_150_rep_4,/project/theorie/n/N.Pfaffenzeller/results_project/checkpoint/2b2t15c10000e5-6lr100ls_full_phase_diagram/data/param_150_rep_4,missing config.json
/project/theorie/n/N.Pfaffenzeller/results_project/checkpoint/2b2t15c10000e5-6lr100ls_full_phase_diagram,param_152_rep_1,/project/theorie/n/N.Pfaffenzeller/results_project/checkpoint/2b2t15c10000e5-6lr100ls_full_phase_diagram/data/param_152_rep_1,missing config.json
/project/theorie/n/N.Pfaffenzeller/results_project/checkpoint/2b2t15c10000e5-6lr100ls_full_phase_diagram,param_153_rep_1,/project/theorie/n/N.Pfaffenzeller/results_project/checkpoint/2b2t15c10000e5-6lr100ls_full_phase_diagram/data/param_153_rep_1,missing config.json
/project/theorie/n/N.Pfaffenzeller/results_project/checkpoint/2b2t15c10000e5-6lr100ls_full_phase_diagram,param_153_rep_3,/project/theorie/n/N.Pfaffenzeller/results_project/checkpoint/2b2t15c10000e5-6lr100ls_full_phase_diagram/data/param_153_rep_3,missing config.json
/project/theorie/n/N.Pfaffenzeller/results_project/checkpoint/2b2t15c10000e5-6lr100ls_full_phase_diagram,param_153_rep_4,/project/theorie/n/N.Pfaffenzeller/results_project/checkpoint/2b2t15c10000e5-6lr100ls_full_phase_diagram/data/param_153_rep_4,missing config.json
/project/theorie/n/N.Pfaffenzeller/results_project/checkpoint/2b2t15c10000e5-6lr100ls_full_phase_diagram,param_155_rep_2,/project/theorie/n/N.Pfaffenzeller/results_project/checkpoint/2b2t15c10000e5-6lr100ls_full_phase_diagram/data/param_155_rep_2,missing config.json
/project/theorie/n/N.Pfaffenzeller/results_project/checkpoint/2b2t15c10000e5-6lr100ls_full_phase_diagram,param_156_rep_1,/project/theorie/n/N.Pfaffenzeller/results_project/checkpoint/2b2t15c10000e5-6lr100ls_full_phase_diagram/data/param_156_rep_1,missing config.json
/project/theorie/n/N.Pfaffenzeller/results_project/checkpoint/2b2t15c10000e5-6lr100ls_full_phase_diagram,param_156_rep_2,/project/theorie/n/N.Pfaffenzeller/results_project/checkpoint/2b2t15c10000e5-6lr100ls_full_phase_diagram/data/param_156_rep_2,missing config.json
/project/theorie/n/N.Pfaffenzeller/results_project/checkpoint/2b2t15c10000e5-6lr100ls_full_phase_diagram,param_158_rep_2,/project/theorie/n/N.Pfaffenzeller/results_project/checkpoint/2b2t15c10000e5-6lr100ls_full_phase_diagram/data/param_158_rep_2,missing config.json
/project/theorie/n/N.Pfaffenzeller/results_project/checkpoint/2b2t15c10000e5-6lr100ls_full_phase_diagram,param_159_rep_5,/project/theorie/n/N.Pfaffenzeller/results_project/checkpoint/2b2t15c10000e5-6lr100ls_full_phase_diagram/data/param_159_rep_5,missing config.json
/project/theorie/n/N.Pfaffenzeller/results_project/checkpoint/2b2t15c10000e5-6lr100ls_full_phase_diagram,param_160_rep_4,/project/theorie/n/N.Pfaffenzeller/results_project/checkpoint/2b2t15c10000e5-6lr100ls_full_phase_diagram/data/param_160_rep_4,missing config.json
/project/theorie/n/N.Pfaffenzeller/results_project/checkpoint/2b2t15c10000e5-6lr100ls_full_phase_diagram,param_161_rep_3,/project/theorie/n/N.Pfaffenzeller/results_project/checkpoint/2b2t15c10000e5-6lr100ls_full_phase_diagram/data/param_161_rep_3,missing config.json
/project/theorie/n/N.Pfaffenzeller/results_project/checkpoint/2b2t15c10000e5-6lr100ls_full_phase_diagram,param_162_rep_2,/project/theorie/n/N.Pfaffenzeller/results_project/checkpoint/2b2t15c10000e5-6lr100ls_full_phase_diagram/data/param_162_rep_2,missing config.json
/project/theorie/n/N.Pfaffenzeller/results_project/checkpoint/2b2t15c10000e5-6lr100ls_full_phase_diagram,param_162_rep_3,/project/theorie/n/N.Pfaffenzeller/results_project/checkpoint/2b2t15c10000e5-6lr100ls_full_phase_diagram/data/param_162_rep_3,missing config.json
/project/theorie/n/N.Pfaffenzeller/results_project/checkpoint/2b2t15c10000e5-6lr100ls_full_phase_diagram,param_165_rep_1,/project/theorie/n/N.Pfaffenzeller/results_project/checkpoint/2b2t15c10000e5-6lr100ls_full_phase_diagram/data/param_165_rep_1,missing config.json
/project/theorie/n/N.Pfaffenzeller/results_project/checkpoint/2b2t15c10000e5-6lr100ls_full_phase_diagram,param_165_rep_2,/project/theorie/n/N.Pfaffenzeller/results_project/checkpoint/2b2t15c10000e5-6lr100ls_full_phase_diagram/data/param_165_rep_2,missing config.json
/project/theorie/n/N.Pfaffenzeller/results_project/checkpoint/2b2t15c10000e5-6lr100ls_full_phase_diagram,param_167_rep_2,/project/theorie/n/N.Pfaffenzeller/results_project/checkpoint/2b2t15c10000e5-6lr100ls_full_phase_diagram/data/param_167_rep_2,missing config.json
/project/theorie/n/N.Pfaffenzeller/results_project/checkpoint/2b2t15c10000e5-6lr100ls_full_phase_diagram,param_167_rep_3,/project/theorie/n/N.Pfaffenzeller/results_project/checkpoint/2b2t15c10000e5-6lr100ls_full_phase_diagram/data/param_167_rep_3,missing config.json
/project/theorie/n/N.Pfaffenzeller/results_project/checkpoint/2b2t15c10000e5-6lr100ls_full_phase_diagram,param_167_rep_5,/project/theorie/n/N.Pfaffenzeller/results_project/checkpoint/2b2t15c10000e5-6lr100ls_full_phase_diagram/data/param_167_rep_5,missing config.json
/project/theorie/n/N.Pfaffenzeller/results_project/checkpoint/2b2t15c10000e5-6lr100ls_full_phase_diagram,param_168_rep_4,/project/theorie/n/N.Pfaffenzeller/results_project/checkpoint/2b2t15c10000e5-6lr100ls_full_phase_diagram/data/param_168_rep_4,missing config.json
/project/theorie/n/N.Pfaffenzeller/results_project/checkpoint/2b2t15c10000e5-6lr100ls_full_phase_diagram,param_169_rep_4,/project/theorie/n/N.Pfaffenzeller/results_project/checkpoint/2b2t15c10000e5-6lr100ls_full_phase_diagram/data/param_169_rep_4,missing config.json
/project/theorie/n/N.Pfaffenzeller/results_project/checkpoint/2b2t15c10000e5-6lr100ls_full_phase_diagram,param_16_rep_4,/project/theorie/n/N.Pfaffenzeller/results_project/checkpoint/2b2t15c10000e5-6lr100ls_full_phase_diagram/data/param_16_rep_4,missing config.json
/project/theorie/n/N.Pfaffenzeller/results_project/checkpoint/2b2t15c10000e5-6lr100ls_full_phase_diagram,param_170_rep_2,/project/theorie/n/N.Pfaffenzeller/results_project/checkpoint/2b2t15c10000e5-6lr100ls_full_phase_diagram/data/param_170_rep_2,missing config.json
/project/theorie/n/N.Pfaffenzeller/results_project/checkpoint/2b2t15c10000e5-6lr100ls_full_phase_diagram,param_170_rep_5,/project/theorie/n/N.Pfaffenzeller/results_project/checkpoint/2b2t15c10000e5-6lr100ls_full_phase_diagram/data/param_170_rep_5,missing config.json
/project/theorie/n/N.Pfaffenzeller/results_project/checkpoint/2b2t15c10000e5-6lr100ls_full_phase_diagram,param_171_rep_1,/project/theorie/n/N.Pfaffenzeller/results_project/checkpoint/2b2t15c10000e5-6lr100ls_full_phase_diagram/data/param_171_rep_1,missing config.json
/project/theorie/n/N.Pfaffenzeller/results_project/checkpoint/2b2t15c10000e5-6lr100ls_full_phase_diagram,param_172_rep_1,/project/theorie/n/N.Pfaffenzeller/results_project/checkpoint/2b2t15c10000e5-6lr100ls_full_phase_diagram/data/param_172_rep_1,missing config.json
/project/theorie/n/N.Pfaffenzeller/results_project/checkpoint/2b2t15c10000e5-6lr100ls_full_phase_diagram,param_172_rep_2,/project/theorie/n/N.Pfaffenzeller/results_project/checkpoint/2b2t15c10000e5-6lr100ls_full_phase_diagram/data/param_172_rep_2,missing config.json
/project/theorie/n/N.Pfaffenzeller/results_project/checkpoint/2b2t15c10000e5-6lr100ls_full_phase_diagram,param_172_rep_4,/project/theorie/n/N.Pfaffenzeller/results_project/checkpoint/2b2t15c10000e5-6lr100ls_full_phase_diagram/data/param_172_rep_4,missing config.json
/project/theorie/n/N.Pfaffenzeller/results_project/checkpoint/2b2t15c10000e5-6lr100ls_full_phase_diagram,param_173_rep_3,/project/theorie/n/N.Pfaffenzeller/results_project/checkpoint/2b2t15c10000e5-6lr100ls_full_phase_diagram/data/param_173_rep_3,missing config.json
/project/theorie/n/N.Pfaffenzeller/results_project/checkpoint/2b2t15c10000e5-6lr100ls_full_phase_diagram,param_176_rep_1,/project/theorie/n/N.Pfaffenzeller/results_project/checkpoint/2b2t15c10000e5-6lr100ls_full_phase_diagram/data/param_176_rep_1,missing config.json
/project/theorie/n/N.Pfaffenzeller/results_project/checkpoint/2b2t15c10000e5-6lr100ls_full_phase_diagram,param_176_rep_5,/project/theorie/n/N.Pfaffenzeller/results_project/checkpoint/2b2t15c10000e5-6lr100ls_full_phase_diagram/data/param_176_rep_5,missing config.json
/project/theorie/n/N.Pfaffenzeller/results_project/checkpoint/2b2t15c10000e5-6lr100ls_full_phase_diagram,param_177_rep_4,/project/theorie/n/N.Pfaffenzeller/results_project/checkpoint/2b2t15c10000e5-6lr100ls_full_phase_diagram/data/param_177_rep_4,missing config.json
/project/theorie/n/N.Pfaffenzeller/results_project/checkpoint/2b2t15c10000e5-6lr100ls_full_phase_diagram,param_178_rep_1,/project/theorie/n/N.Pfaffenzeller/results_project/checkpoint/2b2t15c10000e5-6lr100ls_full_phase_diagram/data/param_178_rep_1,missing config.json
/project/theorie/n/N.Pfaffenzeller/results_project/checkpoint/2b2t15c10000e5-6lr100ls_full_phase_diagram,param_178_rep_4,/project/theorie/n/N.Pfaffenzeller/results_project/checkpoint/2b2t15c10000e5-6lr100ls_full_phase_diagram/data/param_178_rep_4,missing config.json
/project/theorie/n/N.Pfaffenzeller/results_project/checkpoint/2b2t15c10000e5-6lr100ls_full_phase_diagram,param_179_rep_1,/project/theorie/n/N.Pfaffenzeller/results_project/checkpoint/2b2t15c10000e5-6lr100ls_full_phase_diagram/data/param_179_rep_1,missing config.json
/project/theorie/n/N.Pfaffenzeller/results_project/checkpoint/2b2t15c10000e5-6lr100ls_full_phase_diagram,param_179_rep_3,/project/theorie/n/N.Pfaffenzeller/results_project/checkpoint/2b2t15c10000e5-6lr100ls_full_phase_diagram/data/param_179_rep_3,missing config.json
/project/theorie/n/N.Pfaffenzeller/results_project/checkpoint/2b2t15c10000e5-6lr100ls_full_phase_diagram,param_17_rep_2,/project/theorie/n/N.Pfaffenzeller/results_project/checkpoint/2b2t15c10000e5-6lr100ls_full_phase_diagram/data/param_17_rep_2,missing config.json
/project/theorie/n/N.Pfaffenzeller/results_project/checkpoint/2b2t15c10000e5-6lr100ls_full_phase_diagram,param_180_rep_5,/project/theorie/n/N.Pfaffenzeller/results_project/checkpoint/2b2t15c10000e5-6lr100ls_full_phase_diagram/data/param_180_rep_5,missing config.json
/project/theorie/n/N.Pfaffenzeller/results_project/checkpoint/2b2t15c10000e5-6lr100ls_full_phase_diagram,param_181_rep_3,/project/theorie/n/N.Pfaffenzeller/results_project/checkpoint/2b2t15c10000e5-6lr100ls_full_phase_diagram/data/param_181_rep_3,missing config.json
/project/theorie/n/N.Pfaffenzeller/results_project/checkpoint/2b2t15c10000e5-6lr100ls_full_phase_diagram,param_182_rep_3,/project/theorie/n/N.Pfaffenzeller/results_project/checkpoint/2b2t15c10000e5-6lr100ls_full_phase_diagram/data/param_182_rep_3,missing config.json
/project/theorie/n/N.Pfaffenzeller/results_project/checkpoint/2b2t15c10000e5-6lr100ls_full_phase_diagram,param_185_rep_2,/project/theorie/n/N.Pfaffenzeller/results_project/checkpoint/2b2t15c10000e5-6lr100ls_full_phase_diagram/data/param_185_rep_2,missing config.json
/project/theorie/n/N.Pfaffenzeller/results_project/checkpoint/2b2t15c10000e5-6lr100ls_full_phase_diagram,param_185_rep_4,/project/theorie/n/N.Pfaffenzeller/results_project/checkpoint/2b2t15c10000e5-6lr100ls_full_phase_diagram/data/param_185_rep_4,missing config.json
/project/theorie/n/N.Pfaffenzeller/results_project/checkpoint/2b2t15c10000e5-6lr100ls_full_phase_diagram,param_186_rep_1,/project/theorie/n/N.Pfaffenzeller/results_project/checkpoint/2b2t15c10000e5-6lr100ls_full_phase_diagram/data/param_186_rep_1,missing config.json
/project/theorie/n/N.Pfaffenzeller/results_project/checkpoint/2b2t15c10000e5-6lr100ls_full_phase_diagram,param_187_rep_5,/project/theorie/n/N.Pfaffenzeller/results_project/checkpoint/2b2t15c10000e5-6lr100ls_full_phase_diagram/data/param_187_rep_5,missing config.json
/project/theorie/n/N.Pfaffenzeller/results_project/checkpoint/2b2t15c10000e5-6lr100ls_full_phase_diagram,param_18_rep_3,/project/theorie/n/N.Pfaffenzeller/results_project/checkpoint/2b2t15c10000e5-6lr100ls_full_phase_diagram/data/param_18_rep_3,missing config.json
/project/theorie/n/N.Pfaffenzeller/results_project/checkpoint/2b2t15c10000e5-6lr100ls_full_phase_diagram,param_18_rep_5,/project/theorie/n/N.Pfaffenzeller/results_project/checkpoint/2b2t15c10000e5-6lr100ls_full_phase_diagram/data/param_18_rep_5,missing config.json
/project/theorie/n/N.Pfaffenzeller/results_project/checkpoint/2b2t15c10000e5-6lr100ls_full_phase_diagram,param_191_rep_3,/project/theorie/n/N.Pfaffenzeller/results_project/checkpoint/2b2t15c10000e5-6lr100ls_full_phase_diagram/data/param_191_rep_3,missing config.json
/project/theorie/n/N.Pfaffenzeller/results_project/checkpoint/2b2t15c10000e5-6lr100ls_full_phase_diagram,param_192_rep_1,/project/theorie/n/N.Pfaffenzeller/results_project/checkpoint/2b2t15c10000e5-6lr100ls_full_phase_diagram/data/param_192_rep_1,missing config.json
/project/theorie/n/N.Pfaffenzeller/results_project/checkpoint/2b2t15c10000e5-6lr100ls_full_phase_diagram,param_192_rep_2,/project/theorie/n/N.Pfaffenzeller/results_project/checkpoint/2b2t15c10000e5-6lr100ls_full_phase_diagram/data/param_192_rep_2,missing config.json
/project/theorie/n/N.Pfaffenzeller/results_project/checkpoint/2b2t15c10000e5-6lr100ls_full_phase_diagram,param_192_rep_3,/project/theorie/n/N.Pfaffenzeller/results_project/checkpoint/2b2t15c10000e5-6lr100ls_full_phase_diagram/data/param_192_rep_3,missing config.json
/project/theorie/n/N.Pfaffenzeller/results_project/checkpoint/2b2t15c10000e5-6lr100ls_full_phase_diagram,param_192_rep_4,/project/theorie/n/N.Pfaffenzeller/results_project/checkpoint/2b2t15c10000e5-6lr100ls_full_phase_diagram/data/param_192_rep_4,missing config.json
/project/theorie/n/N.Pfaffenzeller/results_project/checkpoint/2b2t15c10000e5-6lr100ls_full_phase_diagram,param_193_rep_1,/project/theorie/n/N.Pfaffenzeller/results_project/checkpoint/2b2t15c10000e5-6lr100ls_full_phase_diagram/data/param_193_rep_1,missing config.json
/project/theorie/n/N.Pfaffenzeller/results_project/checkpoint/2b2t15c10000e5-6lr100ls_full_phase_diagram,param_195_rep_3,/project/theorie/n/N.Pfaffenzeller/results_project/checkpoint/2b2t15c10000e5-6lr100ls_full_phase_diagram/data/param_195_rep_3,missing config.json
/project/theorie/n/N.Pfaffenzeller/results_project/checkpoint/2b2t15c10000e5-6lr100ls_full_phase_diagram,param_19_rep_5,/project/theorie/n/N.Pfaffenzeller/results_project/checkpoint/2b2t15c10000e5-6lr100ls_full_phase_diagram/data/param_19_rep_5,missing config.json
/project/theorie/n/N.Pfaffenzeller/results_project/checkpoint/2b2t15c10000e5-6lr100ls_full_phase_diagram,param_202_rep_3,/project/theorie/n/N.Pfaffenzeller/results_project/checkpoint/2b2t15c10000e5-6lr100ls_full_phase_diagram/data/param_202_rep_3,missing config.json
/project/theorie/n/N.Pfaffenzeller/results_project/checkpoint/2b2t15c10000e5-6lr100ls_full_phase_diagram,param_20_rep_1,/project/theorie/n/N.Pfaffenzeller/results_project/checkpoint/2b2t15c10000e5-6lr100ls_full_phase_diagram/data/param_20_rep_1,missing config.json
/project/theorie/n/N.Pfaffenzeller/results_project/checkpoint/2b2t15c10000e5-6lr100ls_full_phase_diagram,param_20_rep_2,/project/theorie/n/N.Pfaffenzeller/results_project/checkpoint/2b2t15c10000e5-6lr100ls_full_phase_diagram/data/param_20_rep_2,missing config.json
/project/theorie/n/N.Pfaffenzeller/results_project/checkpoint/2b2t15c10000e5-6lr100ls_full_phase_diagram,param_20_rep_4,/project/theorie/n/N.Pfaffenzeller/results_project/checkpoint/2b2t15c10000e5-6lr100ls_full_phase_diagram/data/param_20_rep_4,missing config.json
/project/theorie/n/N.Pfaffenzeller/results_project/checkpoint/2b2t15c10000e5-6lr100ls_full_phase_diagram,param_21_rep_2,/project/theorie/n/N.Pfaffenzeller/results_project/checkpoint/2b2t15c10000e5-6lr100ls_full_phase_diagram/data/param_21_rep_2,missing config.json
/project/theorie/n/N.Pfaffenzeller/results_project/checkpoint/2b2t15c10000e5-6lr100ls_full_phase_diagram,param_223_rep_1,/project/theorie/n/N.Pfaffenzeller/results_project/checkpoint/2b2t15c10000e5-6lr100ls_full_phase_diagram/data/param_223_rep_1,missing config.json
/project/theorie/n/N.Pfaffenzeller/results_project/checkpoint/2b2t15c10000e5-6lr100ls_full_phase_diagram,param_233_rep_3,/project/theorie/n/N.Pfaffenzeller/results_project/checkpoint/2b2t15c10000e5-6lr100ls_full_phase_diagram/data/param_233_rep_3,missing config.json
/project/theorie/n/N.Pfaffenzeller/results_project/checkpoint/2b2t15c10000e5-6lr100ls_full_phase_diagram,param_23_rep_5,/project/theorie/n/N.Pfaffenzeller/results_project/checkpoint/2b2t15c10000e5-6lr100ls_full_phase_diagram/data/param_23_rep_5,missing config.json
/project/theorie/n/N.Pfaffenzeller/results_project/checkpoint/2b2t15c10000e5-6lr100ls_full_phase_diagram,param_24_rep_1,/project/theorie/n/N.Pfaffenzeller/results_project/checkpoint/2b2t15c10000e5-6lr100ls_full_phase_diagram/data/param_24_rep_1,missing config.json
/project/theorie/n/N.Pfaffenzeller/results_project/checkpoint/2b2t15c10000e5-6lr100ls_full_phase_diagram,param_24_rep_4,/project/theorie/n/N.Pfaffenzeller/results_project/checkpoint/2b2t15c10000e5-6lr100ls_full_phase_diagram/data/param_24_rep_4,missing config.json
/project/theorie/n/N.Pfaffenzeller/results_project/checkpoint/2b2t15c10000e5-6lr100ls_full_phase_diagram,param_24_rep_5,/project/theorie/n/N.Pfaffenzeller/results_project/checkpoint/2b2t15c10000e5-6lr100ls_full_phase_diagram/data/param_24_rep_5,missing config.json
/project/theorie/n/N.Pfaffenzeller/results_project/checkpoint/2b2t15c10000e5-6lr100ls_full_phase_diagram,param_252_rep_4,/project/theorie/n/N.Pfaffenzeller/results_project/checkpoint/2b2t15c10000e5-6lr100ls_full_phase_diagram/data/param_252_rep_4,missing config.json
/project/theorie/n/N.Pfaffenzeller/results_project/checkpoint/2b2t15c10000e5-6lr100ls_full_phase_diagram,param_25_rep_3,/project/theorie/n/N.Pfaffenzeller/results_project/checkpoint/2b2t15c10000e5-6lr100ls_full_phase_diagram/data/param_25_rep_3,missing config.json
/project/theorie/n/N.Pfaffenzeller/results_project/checkpoint/2b2t15c10000e5-6lr100ls_full_phase_diagram,param_262_rep_2,/project/theorie/n/N.Pfaffenzeller/results_project/checkpoint/2b2t15c10000e5-6lr100ls_full_phase_diagram/data/param_262_rep_2,missing config.json
/project/theorie/n/N.Pfaffenzeller/results_project/checkpoint/2b2t15c10000e5-6lr100ls_full_phase_diagram,param_263_rep_4,/project/theorie/n/N.Pfaffenzeller/results_project/checkpoint/2b2t15c10000e5-6lr100ls_full_phase_diagram/data/param_263_rep_4,missing config.json
/project/theorie/n/N.Pfaffenzeller/results_project/checkpoint/2b2t15c10000e5-6lr100ls_full_phase_diagram,param_266_rep_4,/project/theorie/n/N.Pfaffenzeller/results_project/checkpoint/2b2t15c10000e5-6lr100ls_full_phase_diagram/data/param_266_rep_4,missing config.json
/project/theorie/n/N.Pfaffenzeller/results_project/checkpoint/2b2t15c10000e5-6lr100ls_full_phase_diagram,param_26_rep_3,/project/theorie/n/N.Pfaffenzeller/results_project/checkpoint/2b2t15c10000e5-6lr100ls_full_phase_diagram/data/param_26_rep_3,missing config.json
/project/theorie/n/N.Pfaffenzeller/results_project/checkpoint/2b2t15c10000e5-6lr100ls_full_phase_diagram,param_272_rep_2,/project/theorie/n/N.Pfaffenzeller/results_project/checkpoint/2b2t15c10000e5-6lr100ls_full_phase_diagram/data/param_272_rep_2,missing config.json
/project/theorie/n/N.Pfaffenzeller/results_project/checkpoint/2b2t15c10000e5-6lr100ls_full_phase_diagram,param_277_rep_2,/project/theorie/n/N.Pfaffenzeller/results_project/checkpoint/2b2t15c10000e5-6lr100ls_full_phase_diagram/data/param_277_rep_2,missing config.json
/project/theorie/n/N.Pfaffenzeller/results_project/checkpoint/2b2t15c10000e5-6lr100ls_full_phase_diagram,param_282_rep_3,/project/theorie/n/N.Pfaffenzeller/results_project/checkpoint/2b2t15c10000e5-6lr100ls_full_phase_diagram/data/param_282_rep_3,missing config.json
/project/theorie/n/N.Pfaffenzeller/results_project/checkpoint/2b2t15c10000e5-6lr100ls_full_phase_diagram,param_288_rep_1,/project/theorie/n/N.Pfaffenzeller/results_project/checkpoint/2b2t15c10000e5-6lr100ls_full_phase_diagram/data/param_288_rep_1,missing config.json
/project/theorie/n/N.Pfaffenzeller/results_project/checkpoint/2b2t15c10000e5-6lr100ls_full_phase_diagram,param_288_rep_5,/project/theorie/n/N.Pfaffenzeller/results_project/checkpoint/2b2t15c10000e5-6lr100ls_full_phase_diagram/data/param_288_rep_5,missing config.json
/project/theorie/n/N.Pfaffenzeller/results_project/checkpoint/2b2t15c10000e5-6lr100ls_full_phase_diagram,param_28_rep_1,/project/theorie/n/N.Pfaffenzeller/results_project/checkpoint/2b2t15c10000e5-6lr100ls_full_phase_diagram/data/param_28_rep_1,missing config.json
/project/theorie/n/N.Pfaffenzeller/results_project/checkpoint/2b2t15c10000e5-6lr100ls_full_phase_diagram,param_28_rep_4,/project/theorie/n/N.Pfaffenzeller/results_project/checkpoint/2b2t15c10000e5-6lr100ls_full_phase_diagram/data/param_28_rep_4,missing config.json
/project/theorie/n/N.Pfaffenzeller/results_project/checkpoint/2b2t15c10000e5-6lr100ls_full_phase_diagram,param_29_rep_3,/project/theorie/n/N.Pfaffenzeller/results_project/checkpoint/2b2t15c10000e5-6lr100ls_full_phase_diagram/data/param_29_rep_3,missing config.json
/project/theorie/n/N.Pfaffenzeller/results_project/checkpoint/2b2t15c10000e5-6lr100ls_full_phase_diagram,param_301_rep_2,/project/theorie/n/N.Pfaffenzeller/results_project/checkpoint/2b2t15c10000e5-6lr100ls_full_phase_diagram/data/param_301_rep_2,missing config.json
/project/theorie/n/N.Pfaffenzeller/results_project/checkpoint/2b2t15c10000e5-6lr100ls_full_phase_diagram,param_30_rep_1,/project/theorie/n/N.Pfaffenzeller/results_project/checkpoint/2b2t15c10000e5-6lr100ls_full_phase_diagram/data/param_30_rep_1,missing config.json
/project/theorie/n/N.Pfaffenzeller/results_project/checkpoint/2b2t15c10000e5-6lr100ls_full_phase_diagram,param_30_rep_3,/project/theorie/n/N.Pfaffenzeller/results_project/checkpoint/2b2t15c10000e5-6lr100ls_full_phase_diagram/data/param_30_rep_3,missing config.json
/project/theorie/n/N.Pfaffenzeller/results_project/checkpoint/2b2t15c10000e5-6lr100ls_full_phase_diagram,param_312_rep_4,/project/theorie/n/N.Pfaffenzeller/results_project/checkpoint/2b2t15c10000e5-6lr100ls_full_phase_diagram/data/param_312_rep_4,missing config.json
/project/theorie/n/N.Pfaffenzeller/results_project/checkpoint/2b2t15c10000e5-6lr100ls_full_phase_diagram,param_317_rep_3,/project/theorie/n/N.Pfaffenzeller/results_project/checkpoint/2b2t15c10000e5-6lr100ls_full_phase_diagram/data/param_317_rep_3,missing config.json
/project/theorie/n/N.Pfaffenzeller/results_project/checkpoint/2b2t15c10000e5-6lr100ls_full_phase_diagram,param_31_rep_4,/project/theorie/n/N.Pfaffenzeller/results_project/checkpoint/2b2t15c10000e5-6lr100ls_full_phase_diagram/data/param_31_rep_4,missing config.json
/project/theorie/n/N.Pfaffenzeller/results_project/checkpoint/2b2t15c10000e5-6lr100ls_full_phase_diagram,param_325_rep_2,/project/theorie/n/N.Pfaffenzeller/results_project/checkpoint/2b2t15c10000e5-6lr100ls_full_phase_diagram/data/param_325_rep_2,missing config.json
/project/theorie/n/N.Pfaffenzeller/results_project/checkpoint/2b2t15c10000e5-6lr100ls_full_phase_diagram,param_32_rep_1,/project/theorie/n/N.Pfaffenzeller/results_project/checkpoint/2b2t15c10000e5-6lr100ls_full_phase_diagram/data/param_32_rep_1,missing config.json
/project/theorie/n/N.Pfaffenzeller/results_project/checkpoint/2b2t15c10000e5-6lr100ls_full_phase_diagram,param_32_rep_2,/project/theorie/n/N.Pfaffenzeller/results_project/checkpoint/2b2t15c10000e5-6lr100ls_full_phase_diagram/data/param_32_rep_2,missing config.json
/project/theorie/n/N.Pfaffenzeller/results_project/checkpoint/2b2t15c10000e5-6lr100ls_full_phase_diagram,param_32_rep_3,/project/theorie/n/N.Pfaffenzeller/results_project/checkpoint/2b2t15c10000e5-6lr100ls_full_phase_diagram/data/param_32_rep_3,missing config.json
/project/theorie/n/N.Pfaffenzeller/results_project/checkpoint/2b2t15c10000e5-6lr100ls_full_phase_diagram,param_32_rep_5,/project/theorie/n/N.Pfaffenzeller/results_project/checkpoint/2b2t15c10000e5-6lr100ls_full_phase_diagram/data/param_32_rep_5,missing config.json
/project/theorie/n/N.Pfaffenzeller/results_project/checkpoint/2b2t15c10000e5-6lr100ls_full_phase_diagram,param_334_rep_5,/project/theorie/n/N.Pfaffenzeller/results_project/checkpoint/2b2t15c10000e5-6lr100ls_full_phase_diagram/data/param_334_rep_5,missing config.json
/project/theorie/n/N.Pfaffenzeller/results_project/checkpoint/2b2t15c10000e5-6lr100ls_full_phase_diagram,param_339_rep_2,/project/theorie/n/N.Pfaffenzeller/results_project/checkpoint/2b2t15c10000e5-6lr100ls_full_phase_diagram/data/param_339_rep_2,missing config.json
/project/theorie/n/N.Pfaffenzeller/results_project/checkpoint/2b2t15c10000e5-6lr100ls_full_phase_diagram,param_34_rep_3,/project/theorie/n/N.Pfaffenzeller/results_project/checkpoint/2b2t15c10000e5-6lr100ls_full_phase_diagram/data/param_34_rep_3,missing config.json
/project/theorie/n/N.Pfaffenzeller/results_project/checkpoint/2b2t15c10000e5-6lr100ls_full_phase_diagram,param_34_rep_4,/project/theorie/n/N.Pfaffenzeller/results_project/checkpoint/2b2t15c10000e5-6lr100ls_full_phase_diagram/data/param_34_rep_4,missing config.json
/project/theorie/n/N.Pfaffenzeller/results_project/checkpoint/2b2t15c10000e5-6lr100ls_full_phase_diagram,param_359_rep_1,/project/theorie/n/N.Pfaffenzeller/results_project/checkpoint/2b2t15c10000e5-6lr100ls_full_phase_diagram/data/param_359_rep_1,missing config.json
/project/theorie/n/N.Pfaffenzeller/results_project/checkpoint/2b2t15c10000e5-6lr100ls_full_phase_diagram,param_35_rep_4,/project/theorie/n/N.Pfaffenzeller/results_project/checkpoint/2b2t15c10000e5-6lr100ls_full_phase_diagram/data/param_35_rep_4,missing config.json
/project/theorie/n/N.Pfaffenzeller/results_project/checkpoint/2b2t15c10000e5-6lr100ls_full_phase_diagram,param_35_rep_5,/project/theorie/n/N.Pfaffenzeller/results_project/checkpoint/2b2t15c10000e5-6lr100ls_full_phase_diagram/data/param_35_rep_5,missing config.json
/project/theorie/n/N.Pfaffenzeller/results_project/checkpoint/2b2t15c10000e5-6lr100ls_full_phase_diagram,param_36_rep_2,/project/theorie/n/N.Pfaffenzeller/results_project/checkpoint/2b2t15c10000e5-6lr100ls_full_phase_diagram/data/param_36_rep_2,missing config.json
/project/theorie/n/N.Pfaffenzeller/results_project/checkpoint/2b2t15c10000e5-6lr100ls_full_phase_diagram,param_36_rep_3,/project/theorie/n/N.Pfaffenzeller/results_project/checkpoint/2b2t15c10000e5-6lr100ls_full_phase_diagram/data/param_36_rep_3,missing config.json
/project/theorie/n/N.Pfaffenzeller/results_project/checkpoint/2b2t15c10000e5-6lr100ls_full_phase_diagram,param_371_rep_1,/project/theorie/n/N.Pfaffenzeller/results_project/checkpoint/2b2t15c10000e5-6lr100ls_full_phase_diagram/data/param_371_rep_1,missing config.json
/project/theorie/n/N.Pfaffenzeller/results_project/checkpoint/2b2t15c10000e5-6lr100ls_full_phase_diagram,param_380_rep_4,/project/theorie/n/N.Pfaffenzeller/results_project/checkpoint/2b2t15c10000e5-6lr100ls_full_phase_diagram/data/param_380_rep_4,missing config.json
/project/theorie/n/N.Pfaffenzeller/results_project/checkpoint/2b2t15c10000e5-6lr100ls_full_phase_diagram,param_382_rep_5,/project/theorie/n/N.Pfaffenzeller/results_project/checkpoint/2b2t15c10000e5-6lr100ls_full_phase_diagram/data/param_382_rep_5,missing config.json
/project/theorie/n/N.Pfaffenzeller/results_project/checkpoint/2b2t15c10000e5-6lr100ls_full_phase_diagram,param_38_rep_1,/project/theorie/n/N.Pfaffenzeller/results_project/checkpoint/2b2t15c10000e5-6lr100ls_full_phase_diagram/data/param_38_rep_1,missing config.json
/project/theorie/n/N.Pfaffenzeller/results_project/checkpoint/2b2t15c10000e5-6lr100ls_full_phase_diagram,param_394_rep_3,/project/theorie/n/N.Pfaffenzeller/results_project/checkpoint/2b2t15c10000e5-6lr100ls_full_phase_diagram/data/param_394_rep_3,missing config.json
/project/theorie/n/N.Pfaffenzeller/results_project/checkpoint/2b2t15c10000e5-6lr100ls_full_phase_diagram,param_39_rep_1,/project/theorie/n/N.Pfaffenzeller/results_project/checkpoint/2b2t15c10000e5-6lr100ls_full_phase_diagram/data/param_39_rep_1,missing config.json
/project/theorie/n/N.Pfaffenzeller/results_project/checkpoint/2b2t15c10000e5-6lr100ls_full_phase_diagram,param_39_rep_2,/project/theorie/n/N.Pfaffenzeller/results_project/checkpoint/2b2t15c10000e5-6lr100ls_full_phase_diagram/data/param_39_rep_2,missing config.json
/project/theorie/n/N.Pfaffenzeller/results_project/checkpoint/2b2t15c10000e5-6lr100ls_full_phase_diagram,param_39_rep_3,/project/theorie/n/N.Pfaffenzeller/results_project/checkpoint/2b2t15c10000e5-6lr100ls_full_phase_diagram/data/param_39_rep_3,missing config.json
/project/theorie/n/N.Pfaffenzeller/results_project/checkpoint/2b2t15c10000e5-6lr100ls_full_phase_diagram,param_39_rep_4,/project/theorie/n/N.Pfaffenzeller/results_project/checkpoint/2b2t15c10000e5-6lr100ls_full_phase_diagram/data/param_39_rep_4,missing config.json
/project/theorie/n/N.Pfaffenzeller/results_project/checkpoint/2b2t15c10000e5-6lr100ls_full_phase_diagram,param_39_rep_5,/project/theorie/n/N.Pfaffenzeller/results_project/checkpoint/2b2t15c10000e5-6lr100ls_full_phase_diagram/data/param_39_rep_5,missing config.json
/project/theorie/n/N.Pfaffenzeller/results_project/checkpoint/2b2t15c10000e5-6lr100ls_full_phase_diagram,param_408_rep_1,/project/theorie/n/N.Pfaffenzeller/results_project/checkpoint/2b2t15c10000e5-6lr100ls_full_phase_diagram/data/param_408_rep_1,missing config.json
/project/theorie/n/N.Pfaffenzeller/results_project/checkpoint/2b2t15c10000e5-6lr100ls_full_phase_diagram,param_41_rep_4,/project/theorie/n/N.Pfaffenzeller/results_project/checkpoint/2b2t15c10000e5-6lr100ls_full_phase_diagram/data/param_41_rep_4,missing config.json
/project/theorie/n/N.Pfaffenzeller/results_project/checkpoint/2b2t15c10000e5-6lr100ls_full_phase_diagram,param_421_rep_3,/project/theorie/n/N.Pfaffenzeller/results_project/checkpoint/2b2t15c10000e5-6lr100ls_full_phase_diagram/data/param_421_rep_3,missing config.json
/project/theorie/n/N.Pfaffenzeller/results_project/checkpoint/2b2t15c10000e5-6lr100ls_full_phase_diagram,param_434_rep_1,/project/theorie/n/N.Pfaffenzeller/results_project/checkpoint/2b2t15c10000e5-6lr100ls_full_phase_diagram/data/param_434_rep_1,missing config.json
/project/theorie/n/N.Pfaffenzeller/results_project/checkpoint/2b2t15c10000e5-6lr100ls_full_phase_diagram,param_437_rep_3,/project/theorie/n/N.Pfaffenzeller/results_project/checkpoint/2b2t15c10000e5-6lr100ls_full_phase_diagram/data/param_437_rep_3,missing config.json
/project/theorie/n/N.Pfaffenzeller/results_project/checkpoint/2b2t15c10000e5-6lr100ls_full_phase_diagram,param_43_rep_5,/project/theorie/n/N.Pfaffenzeller/results_project/checkpoint/2b2t15c10000e5-6lr100ls_full_phase_diagram/data/param_43_rep_5,missing config.json
/project/theorie/n/N.Pfaffenzeller/results_project/checkpoint/2b2t15c10000e5-6lr100ls_full_phase_diagram,param_44_rep_1,/project/theorie/n/N.Pfaffenzeller/results_project/checkpoint/2b2t15c10000e5-6lr100ls_full_phase_diagram/data/param_44_rep_1,missing config.json
/project/theorie/n/N.Pfaffenzeller/results_project/checkpoint/2b2t15c10000e5-6lr100ls_full_phase_diagram,param_44_rep_5,/project/theorie/n/N.Pfaffenzeller/results_project/checkpoint/2b2t15c10000e5-6lr100ls_full_phase_diagram/data/param_44_rep_5,missing config.json
/project/theorie/n/N.Pfaffenzeller/results_project/checkpoint/2b2t15c10000e5-6lr100ls_full_phase_diagram,param_45_rep_3,/project/theorie/n/N.Pfaffenzeller/results_project/checkpoint/2b2t15c10000e5-6lr100ls_full_phase_diagram/data/param_45_rep_3,missing config.json
/project/theorie/n/N.Pfaffenzeller/results_project/checkpoint/2b2t15c10000e5-6lr100ls_full_phase_diagram,param_45_rep_4,/project/theorie/n/N.Pfaffenzeller/results_project/checkpoint/2b2t15c10000e5-6lr100ls_full_phase_diagram/data/param_45_rep_4,missing config.json
/project/theorie/n/N.Pfaffenzeller/results_project/checkpoint/2b2t15c10000e5-6lr100ls_full_phase_diagram,param_45_rep_5,/project/theorie/n/N.Pfaffenzeller/results_project/checkpoint/2b2t15c10000e5-6lr100ls_full_phase_diagram/data/param_45_rep_5,missing config.json
/project/theorie/n/N.Pfaffenzeller/results_project/checkpoint/2b2t15c10000e5-6lr100ls_full_phase_diagram,param_46_rep_5,/project/theorie/n/N.Pfaffenzeller/results_project/checkpoint/2b2t15c10000e5-6lr100ls_full_phase_diagram/data/param_46_rep_5,missing config.json
/project/theorie/n/N.Pfaffenzeller/results_project/checkpoint/2b2t15c10000e5-6lr100ls_full_phase_diagram,param_47_rep_1,/project/theorie/n/N.Pfaffenzeller/results_project/checkpoint/2b2t15c10000e5-6lr100ls_full_phase_diagram/data/param_47_rep_1,missing config.json
/project/theorie/n/N.Pfaffenzeller/results_project/checkpoint/2b2t15c10000e5-6lr100ls_full_phase_diagram,param_51_rep_1,/project/theorie/n/N.Pfaffenzeller/results_project/checkpoint/2b2t15c10000e5-6lr100ls_full_phase_diagram/data/param_51_rep_1,missing config.json
/project/theorie/n/N.Pfaffenzeller/results_project/checkpoint/2b2t15c10000e5-6lr100ls_full_phase_diagram,param_51_rep_3,/project/theorie/n/N.Pfaffenzeller/results_project/checkpoint/2b2t15c10000e5-6lr100ls_full_phase_diagram/data/param_51_rep_3,missing config.json
/project/theorie/n/N.Pfaffenzeller/results_project/checkpoint/2b2t15c10000e5-6lr100ls_full_phase_diagram,param_51_rep_5,/project/theorie/n/N.Pfaffenzeller/results_project/checkpoint/2b2t15c10000e5-6lr100ls_full_phase_diagram/data/param_51_rep_5,missing config.json
/project/theorie/n/N.Pfaffenzeller/results_project/checkpoint/2b2t15c10000e5-6lr100ls_full_phase_diagram,param_53_rep_4,/project/theorie/n/N.Pfaffenzeller/results_project/checkpoint/2b2t15c10000e5-6lr100ls_full_phase_diagram/data/param_53_rep_4,missing config.json
/project/theorie/n/N.Pfaffenzeller/results_project/checkpoint/2b2t15c10000e5-6lr100ls_full_phase_diagram,param_54_rep_1,/project/theorie/n/N.Pfaffenzeller/results_project/checkpoint/2b2t15c10000e5-6lr100ls_full_phase_diagram/data/param_54_rep_1,missing config.json
/project/theorie/n/N.Pfaffenzeller/results_project/checkpoint/2b2t15c10000e5-6lr100ls_full_phase_diagram,param_54_rep_2,/project/theorie/n/N.Pfaffenzeller/results_project/checkpoint/2b2t15c10000e5-6lr100ls_full_phase_diagram/data/param_54_rep_2,missing config.json
/project/theorie/n/N.Pfaffenzeller/results_project/checkpoint/2b2t15c10000e5-6lr100ls_full_phase_diagram,param_54_rep_5,/project/theorie/n/N.Pfaffenzeller/results_project/checkpoint/2b2t15c10000e5-6lr100ls_full_phase_diagram/data/param_54_rep_5,missing config.json
/project/theorie/n/N.Pfaffenzeller/results_project/checkpoint/2b2t15c10000e5-6lr100ls_full_phase_diagram,param_55_rep_2,/project/theorie/n/N.Pfaffenzeller/results_project/checkpoint/2b2t15c10000e5-6lr100ls_full_phase_diagram/data/param_55_rep_2,missing config.json
/project/theorie/n/N.Pfaffenzeller/results_project/checkpoint/2b2t15c10000e5-6lr100ls_full_phase_diagram,param_55_rep_3,/project/theorie/n/N.Pfaffenzeller/results_project/checkpoint/2b2t15c10000e5-6lr100ls_full_phase_diagram/data/param_55_rep_3,missing config.json
/project/theorie/n/N.Pfaffenzeller/results_project/checkpoint/2b2t15c10000e5-6lr100ls_full_phase_diagram,param_56_rep_1,/project/theorie/n/N.Pfaffenzeller/results_project/checkpoint/2b2t15c10000e5-6lr100ls_full_phase_diagram/data/param_56_rep_1,missing config.json
/project/theorie/n/N.Pfaffenzeller/results_project/checkpoint/2b2t15c10000e5-6lr100ls_full_phase_diagram,param_57_rep_3,/project/theorie/n/N.Pfaffenzeller/results_project/checkpoint/2b2t15c10000e5-6lr100ls_full_phase_diagram/data/param_57_rep_3,missing config.json
/project/theorie/n/N.Pfaffenzeller/results_project/checkpoint/2b2t15c10000e5-6lr100ls_full_phase_diagram,param_57_rep_4,/project/theorie/n/N.Pfaffenzeller/results_project/checkpoint/2b2t15c10000e5-6lr100ls_full_phase_diagram/data/param_57_rep_4,missing config.json
/project/theorie/n/N.Pfaffenzeller/results_project/checkpoint/2b2t15c10000e5-6lr100ls_full_phase_diagram,param_58_rep_3,/project/theorie/n/N.Pfaffenzeller/results_project/checkpoint/2b2t15c10000e5-6lr100ls_full_phase_diagram/data/param_58_rep_3,missing config.json
/project/theorie/n/N.Pfaffenzeller/results_project/checkpoint/2b2t15c10000e5-6lr100ls_full_phase_diagram,param_59_rep_5,/project/theorie/n/N.Pfaffenzeller/results_project/checkpoint/2b2t15c10000e5-6lr100ls_full_phase_diagram/data/param_59_rep_5,missing config.json
/project/theorie/n/N.Pfaffenzeller/results_project/checkpoint/2b2t15c10000e5-6lr100ls_full_phase_diagram,param_5_rep_1,/project/theorie/n/N.Pfaffenzeller/results_project/checkpoint/2b2t15c10000e5-6lr100ls_full_phase_diagram/data/param_5_rep_1,missing config.json
/project/theorie/n/N.Pfaffenzeller/results_project/checkpoint/2b2t15c10000e5-6lr100ls_full_phase_diagram,param_5_rep_2,/project/theorie/n/N.Pfaffenzeller/results_project/checkpoint/2b2t15c10000e5-6lr100ls_full_phase_diagram/data/param_5_rep_2,missing config.json
/project/theorie/n/N.Pfaffenzeller/results_project/checkpoint/2b2t15c10000e5-6lr100ls_full_phase_diagram,param_60_rep_1,/project/theorie/n/N.Pfaffenzeller/results_project/checkpoint/2b2t15c10000e5-6lr100ls_full_phase_diagram/data/param_60_rep_1,missing config.json
/project/theorie/n/N.Pfaffenzeller/results_project/checkpoint/2b2t15c10000e5-6lr100ls_full_phase_diagram,param_61_rep_1,/project/theorie/n/N.Pfaffenzeller/results_project/checkpoint/2b2t15c10000e5-6lr100ls_full_phase_diagram/data/param_61_rep_1,missing config.json
/project/theorie/n/N.Pfaffenzeller/results_project/checkpoint/2b2t15c10000e5-6lr100ls_full_phase_diagram,param_62_rep_1,/project/theorie/n/N.Pfaffenzeller/results_project/checkpoint/2b2t15c10000e5-6lr100ls_full_phase_diagram/data/param_62_rep_1,missing config.json
/project/theorie/n/N.Pfaffenzeller/results_project/checkpoint/2b2t15c10000e5-6lr100ls_full_phase_diagram,param_63_rep_5,/project/theorie/n/N.Pfaffenzeller/results_project/checkpoint/2b2t15c10000e5-6lr100ls_full_phase_diagram/data/param_63_rep_5,missing config.json
/project/theorie/n/N.Pfaffenzeller/results_project/checkpoint/2b2t15c10000e5-6lr100ls_full_phase_diagram,param_66_rep_3,/project/theorie/n/N.Pfaffenzeller/results_project/checkpoint/2b2t15c10000e5-6lr100ls_full_phase_diagram/data/param_66_rep_3,missing config.json
/project/theorie/n/N.Pfaffenzeller/results_project/checkpoint/2b2t15c10000e5-6lr100ls_full_phase_diagram,param_67_rep_1,/project/theorie/n/N.Pfaffenzeller/results_project/checkpoint/2b2t15c10000e5-6lr100ls_full_phase_diagram/data/param_67_rep_1,missing config.json
/project/theorie/n/N.Pfaffenzeller/results_project/checkpoint/2b2t15c10000e5-6lr100ls_full_phase_diagram,param_67_rep_5,/project/theorie/n/N.Pfaffenzeller/results_project/checkpoint/2b2t15c10000e5-6lr100ls_full_phase_diagram/data/param_67_rep_5,missing config.json
/project/theorie/n/N.Pfaffenzeller/results_project/checkpoint/2b2t15c10000e5-6lr100ls_full_phase_diagram,param_68_rep_4,/project/theorie/n/N.Pfaffenzeller/results_project/checkpoint/2b2t15c10000e5-6lr100ls_full_phase_diagram/data/param_68_rep_4,missing config.json
/project/theorie/n/N.Pfaffenzeller/results_project/checkpoint/2b2t15c10000e5-6lr100ls_full_phase_diagram,param_70_rep_2,/project/theorie/n/N.Pfaffenzeller/results_project/checkpoint/2b2t15c10000e5-6lr100ls_full_phase_diagram/data/param_70_rep_2,missing config.json
/project/theorie/n/N.Pfaffenzeller/results_project/checkpoint/2b2t15c10000e5-6lr100ls_full_phase_diagram,param_70_rep_3,/project/theorie/n/N.Pfaffenzeller/results_project/checkpoint/2b2t15c10000e5-6lr100ls_full_phase_diagram/data/param_70_rep_3,missing config.json
/project/theorie/n/N.Pfaffenzeller/results_project/checkpoint/2b2t15c10000e5-6lr100ls_full_phase_diagram,param_71_rep_5,/project/theorie/n/N.Pfaffenzeller/results_project/checkpoint/2b2t15c10000e5-6lr100ls_full_phase_diagram/data/param_71_rep_5,missing config.json
/project/theorie/n/N.Pfaffenzeller/results_project/checkpoint/2b2t15c10000e5-6lr100ls_full_phase_diagram,param_72_rep_5,/project/theorie/n/N.Pfaffenzeller/results_project/checkpoint/2b2t15c10000e5-6lr100ls_full_phase_diagram/data/param_72_rep_5,missing config.json
/project/theorie/n/N.Pfaffenzeller/results_project/checkpoint/2b2t15c10000e5-6lr100ls_full_phase_diagram,param_75_rep_1,/project/theorie/n/N.Pfaffenzeller/results_project/checkpoint/2b2t15c10000e5-6lr100ls_full_phase_diagram/data/param_75_rep_1,missing config.json
/project/theorie/n/N.Pfaffenzeller/results_project/checkpoint/2b2t15c10000e5-6lr100ls_full_phase_diagram,param_75_rep_4,/project/theorie/n/N.Pfaffenzeller/results_project/checkpoint/2b2t15c10000e5-6lr100ls_full_phase_diagram/data/param_75_rep_4,missing config.json
/project/theorie/n/N.Pfaffenzeller/results_project/checkpoint/2b2t15c10000e5-6lr100ls_full_phase_diagram,param_76_rep_3,/project/theorie/n/N.Pfaffenzeller/results_project/checkpoint/2b2t15c10000e5-6lr100ls_full_phase_diagram/data/param_76_rep_3,missing config.json
/project/theorie/n/N.Pfaffenzeller/results_project/checkpoint/2b2t15c10000e5-6lr100ls_full_phase_diagram,param_76_rep_4,/project/theorie/n/N.Pfaffenzeller/results_project/checkpoint/2b2t15c10000e5-6lr100ls_full_phase_diagram/data/param_76_rep_4,missing config.json
/project/theorie/n/N.Pfaffenzeller/results_project/checkpoint/2b2t15c10000e5-6lr100ls_full_phase_diagram,param_78_rep_3,/project/theorie/n/N.Pfaffenzeller/results_project/checkpoint/2b2t15c10000e5-6lr100ls_full_phase_diagram/data/param_78_rep_3,missing config.json
/project/theorie/n/N.Pfaffenzeller/results_project/checkpoint/2b2t15c10000e5-6lr100ls_full_phase_diagram,param_78_rep_4,/project/theorie/n/N.Pfaffenzeller/results_project/checkpoint/2b2t15c10000e5-6lr100ls_full_phase_diagram/data/param_78_rep_4,missing config.json
/project/theorie/n/N.Pfaffenzeller/results_project/checkpoint/2b2t15c10000e5-6lr100ls_full_phase_diagram,param_79_rep_5,/project/theorie/n/N.Pfaffenzeller/results_project/checkpoint/2b2t15c10000e5-6lr100ls_full_phase_diagram/data/param_79_rep_5,missing config.json
/project/theorie/n/N.Pfaffenzeller/results_project/checkpoint/2b2t15c10000e5-6lr100ls_full_phase_diagram,param_80_rep_1,/project/theorie/n/N.Pfaffenzeller/results_project/checkpoint/2b2t15c10000e5-6lr100ls_full_phase_diagram/data/param_80_rep_1,missing config.json
/project/theorie/n/N.Pfaffenzeller/results_project/checkpoint/2b2t15c10000e5-6lr100ls_full_phase_diagram,param_80_rep_2,/project/theorie/n/N.Pfaffenzeller/results_project/checkpoint/2b2t15c10000e5-6lr100ls_full_phase_diagram/data/param_80_rep_2,missing config.json
/project/theorie/n/N.Pfaffenzeller/results_project/checkpoint/2b2t15c10000e5-6lr100ls_full_phase_diagram,param_80_rep_3,/project/theorie/n/N.Pfaffenzeller/results_project/checkpoint/2b2t15c10000e5-6lr100ls_full_phase_diagram/data/param_80_rep_3,missing config.json
/project/theorie/n/N.Pfaffenzeller/results_project/checkpoint/2b2t15c10000e5-6lr100ls_full_phase_diagram,param_81_rep_3,/project/theorie/n/N.Pfaffenzeller/results_project/checkpoint/2b2t15c10000e5-6lr100ls_full_phase_diagram/data/param_81_rep_3,missing config.json
/project/theorie/n/N.Pfaffenzeller/results_project/checkpoint/2b2t15c10000e5-6lr100ls_full_phase_diagram,param_82_rep_5,/project/theorie/n/N.Pfaffenzeller/results_project/checkpoint/2b2t15c10000e5-6lr100ls_full_phase_diagram/data/param_82_rep_5,missing config.json
/project/theorie/n/N.Pfaffenzeller/results_project/checkpoint/2b2t15c10000e5-6lr100ls_full_phase_diagram,param_83_rep_2,/project/theorie/n/N.Pfaffenzeller/results_project/checkpoint/2b2t15c10000e5-6lr100ls_full_phase_diagram/data/param_83_rep_2,missing config.json
/project/theorie/n/N.Pfaffenzeller/results_project/checkpoint/2b2t15c10000e5-6lr100ls_full_phase_diagram,param_84_rep_3,/project/theorie/n/N.Pfaffenzeller/results_project/checkpoint/2b2t15c10000e5-6lr100ls_full_phase_diagram/data/param_84_rep_3,missing config.json
/project/theorie/n/N.Pfaffenzeller/results_project/checkpoint/2b2t15c10000e5-6lr100ls_full_phase_diagram,param_84_rep_4,/project/theorie/n/N.Pfaffenzeller/results_project/checkpoint/2b2t15c10000e5-6lr100ls_full_phase_diagram/data/param_84_rep_4,missing config.json
/project/theorie/n/N.Pfaffenzeller/results_project/checkpoint/2b2t15c10000e5-6lr100ls_full_phase_diagram,param_85_rep_1,/project/theorie/n/N.Pfaffenzeller/results_project/checkpoint/2b2t15c10000e5-6lr100ls_full_phase_diagram/data/param_85_rep_1,missing config.json
/project/theorie/n/N.Pfaffenzeller/results_project/checkpoint/2b2t15c10000e5-6lr100ls_full_phase_diagram,param_85_rep_3,/project/theorie/n/N.Pfaffenzeller/results_project/checkpoint/2b2t15c10000e5-6lr100ls_full_phase_diagram/data/param_85_rep_3,missing config.json
/project/theorie/n/N.Pfaffenzeller/results_project/checkpoint/2b2t15c10000e5-6lr100ls_full_phase_diagram,param_86_rep_3,/project/theorie/n/N.Pfaffenzeller/results_project/checkpoint/2b2t15c10000e5-6lr100ls_full_phase_diagram/data/param_86_rep_3,missing config.json
/project/theorie/n/N.Pfaffenzeller/results_project/checkpoint/2b2t15c10000e5-6lr100ls_full_phase_diagram,param_87_rep_1,/project/theorie/n/N.Pfaffenzeller/results_project/checkpoint/2b2t15c10000e5-6lr100ls_full_phase_diagram/data/param_87_rep_1,missing config.json
/project/theorie/n/N.Pfaffenzeller/results_project/checkpoint/2b2t15c10000e5-6lr100ls_full_phase_diagram,param_87_rep_3,/project/theorie/n/N.Pfaffenzeller/results_project/checkpoint/2b2t15c10000e5-6lr100ls_full_phase_diagram/data/param_87_rep_3,missing config.json
/project/theorie/n/N.Pfaffenzeller/results_project/checkpoint/2b2t15c10000e5-6lr100ls_full_phase_diagram,param_89_rep_2,/project/theorie/n/N.Pfaffenzeller/results_project/checkpoint/2b2t15c10000e5-6lr100ls_full_phase_diagram/data/param_89_rep_2,missing config.json
/project/theorie/n/N.Pfaffenzeller/results_project/checkpoint/2b2t15c10000e5-6lr100ls_full_phase_diagram,param_89_rep_3,/project/theorie/n/N.Pfaffenzeller/results_project/checkpoint/2b2t15c10000e5-6lr100ls_full_phase_diagram/data/param_89_rep_3,missing config.json
/project/theorie/n/N.Pfaffenzeller/results_project/checkpoint/2b2t15c10000e5-6lr100ls_full_phase_diagram,param_89_rep_4,/project/theorie/n/N.Pfaffenzeller/results_project/checkpoint/2b2t15c10000e5-6lr100ls_full_phase_diagram/data/param_89_rep_4,missing config.json
/project/theorie/n/N.Pfaffenzeller/results_project/checkpoint/2b2t15c10000e5-6lr100ls_full_phase_diagram,param_89_rep_5,/project/theorie/n/N.Pfaffenzeller/results_project/checkpoint/2b2t15c10000e5-6lr100ls_full_phase_diagram/data/param_89_rep_5,missing config.json
/project/theorie/n/N.Pfaffenzeller/results_project/checkpoint/2b2t15c10000e5-6lr100ls_full_phase_diagram,param_8_rep_1,/project/theorie/n/N.Pfaffenzeller/results_project/checkpoint/2b2t15c10000e5-6lr100ls_full_phase_diagram/data/param_8_rep_1,missing config.json
/project/theorie/n/N.Pfaffenzeller/results_project/checkpoint/2b2t15c10000e5-6lr100ls_full_phase_diagram,param_8_rep_3,/project/theorie/n/N.Pfaffenzeller/results_project/checkpoint/2b2t15c10000e5-6lr100ls_full_phase_diagram/data/param_8_rep_3,missing config.json
/project/theorie/n/N.Pfaffenzeller/results_project/checkpoint/2b2t15c10000e5-6lr100ls_full_phase_diagram,param_8_rep_5,/project/theorie/n/N.Pfaffenzeller/results_project/checkpoint/2b2t15c10000e5-6lr100ls_full_phase_diagram/data/param_8_rep_5,missing config.json
/project/theorie/n/N.Pfaffenzeller/results_project/checkpoint/2b2t15c10000e5-6lr100ls_full_phase_diagram,param_90_rep_5,/project/theorie/n/N.Pfaffenzeller/results_project/checkpoint/2b2t15c10000e5-6lr100ls_full_phase_diagram/data/param_90_rep_5,missing config.json
/project/theorie/n/N.Pfaffenzeller/results_project/checkpoint/2b2t15c10000e5-6lr100ls_full_phase_diagram,param_91_rep_1,/project/theorie/n/N.Pfaffenzeller/results_project/checkpoint/2b2t15c10000e5-6lr100ls_full_phase_diagram/data/param_91_rep_1,missing config.json
/project/theorie/n/N.Pfaffenzeller/results_project/checkpoint/2b2t15c10000e5-6lr100ls_full_phase_diagram,param_91_rep_2,/project/theorie/n/N.Pfaffenzeller/results_project/checkpoint/2b2t15c10000e5-6lr100ls_full_phase_diagram/data/param_91_rep_2,missing config.json
/project/theorie/n/N.Pfaffenzeller/results_project/checkpoint/2b2t15c10000e5-6lr100ls_full_phase_diagram,param_93_rep_1,/project/theorie/n/N.Pfaffenzeller/results_project/checkpoint/2b2t15c10000e5-6lr100ls_full_phase_diagram/data/param_93_rep_1,missing config.json
/project/theorie/n/N.Pfaffenzeller/results_project/checkpoint/2b2t15c10000e5-6lr100ls_full_phase_diagram,param_93_rep_3,/project/theorie/n/N.Pfaffenzeller/results_project/checkpoint/2b2t15c10000e5-6lr100ls_full_phase_diagram/data/param_93_rep_3,missing config.json
/project/theorie/n/N.Pfaffenzeller/results_project/checkpoint/2b2t15c10000e5-6lr100ls_full_phase_diagram,param_93_rep_5,/project/theorie/n/N.Pfaffenzeller/results_project/checkpoint/2b2t15c10000e5-6lr100ls_full_phase_diagram/data/param_93_rep_5,missing config.json
/project/theorie/n/N.Pfaffenzeller/results_project/checkpoint/2b2t15c10000e5-6lr100ls_full_phase_diagram,param_94_rep_2,/project/theorie/n/N.Pfaffenzeller/results_project/checkpoint/2b2t15c10000e5-6lr100ls_full_phase_diagram/data/param_94_rep_2,missing config.json
/project/theorie/n/N.Pfaffenzeller/results_project/checkpoint/2b2t15c10000e5-6lr100ls_full_phase_diagram,param_94_rep_5,/project/theorie/n/N.Pfaffenzeller/results_project/checkpoint/2b2t15c10000e5-6lr100ls_full_phase_diagram/data/param_94_rep_5,missing config.json
/project/theorie/n/N.Pfaffenzeller/results_project/checkpoint/2b2t15c10000e5-6lr100ls_full_phase_diagram,param_95_rep_2,/project/theorie/n/N.Pfaffenzeller/results_project/checkpoint/2b2t15c10000e5-6lr100ls_full_phase_diagram/data/param_95_rep_2,missing config.json
/project/theorie/n/N.Pfaffenzeller/results_project/checkpoint/2b2t15c10000e5-6lr100ls_full_phase_diagram,param_97_rep_2,/project/theorie/n/N.Pfaffenzeller/results_project/checkpoint/2b2t15c10000e5-6lr100ls_full_phase_diagram/data/param_97_rep_2,missing config.json
/project/theorie/n/N.Pfaffenzeller/results_project/checkpoint/2b2t15c10000e5-6lr100ls_full_phase_diagram,param_99_rep_1,/project/theorie/n/N.Pfaffenzeller/results_project/checkpoint/2b2t15c10000e5-6lr100ls_full_phase_diagram/data/param_99_rep_1,missing config.json
/project/theorie/n/N.Pfaffenzeller/results_project/checkpoint/2b2t15c10000e5-6lr100ls_full_phase_diagram,param_99_rep_3,/project/theorie/n/N.Pfaffenzeller/results_project/checkpoint/2b2t15c10000e5-6lr100ls_full_phase_diagram/data/param_99_rep_3,missing config.json
/project/theorie/n/N.Pfaffenzeller/results_project/checkpoint/2b2t15c10000e5-6lr100ls_full_phase_diagram,param_99_rep_4,/project/theorie/n/N.Pfaffenzeller/results_project/checkpoint/2b2t15c10000e5-6lr100ls_full_phase_diagram/data/param_99_rep_4,missing config.json
/project/theorie/n/N.Pfaffenzeller/results_project/checkpoint/2b2t15c10000e5-6lr100ls_full_phase_diagram,param_9_rep_1,/project/theorie/n/N.Pfaffenzeller/results_project/checkpoint/2b2t15c10000e5-6lr100ls_full_phase_diagram/data/param_9_rep_1,missing config.json
/project/theorie/n/N.Pfaffenzeller/results_project/checkpoint/2b2t15c10000e5-6lr100ls_full_phase_diagram,param_9_rep_4,/project/theorie/n/N.Pfaffenzeller/results_project/checkpoint/2b2t15c10000e5-6lr100ls_full_phase_diagram/data/param_9_rep_4,missing config.json
/project/theorie/n/N.Pfaffenzeller/results_project/checkpoint/2b2t15c10000e5-6lr100ls_full_phase_diagram,param_9_rep_5,/project/theorie/n/N.Pfaffenzeller/results_project/checkpoint/2b2t15c10000e5-6lr100ls_full_phase_diagram/data/param_9_rep_5,missing config.json
