time,bee1_id,bee2_id,task_id,task_1,task_2,task_3,task_4,task_5
0.0,1,0,0,0.1008,0.0937,0.08059311616472034,0.0871,0.0
0.0,2,0,0,0.1046,0.0935,0.09250153657037492,0.1833,0.0
0.0,3,0,0,0.1063,0.0995,0.1593039336201598,0.1346,0.0
0.0,4,0,0,0.0628,0.1198,0.10563921327596804,0.1059,0.07718677430056398
0.0,5,0,0,0.0964,0.0896,0.09980024585125999,0.1112,0.11434258542519075
1.5455686411452552,1,3,3,0.1008,0.0937,0.08059311616472034,0.0871,0.0
4.755139613706835,4,5,3,0.0628,0.1198,0.10563921327596804,0.1059,0.07718677430056398
8.570963650618433,4,4,5,0.098,0.1,0.06699446834665028,0.1,0.34711931881012936
9.398542668309315,5,2,4,0.0964,0.0896,0.09980024585125999,0.1112,0.11434258542519075
11.10493657905592,4,3,4,0.098,0.1,0.06699446834665028,0.1,0.34711931881012936
12.649622729843957,5,5,2,0.0865,0.1885,0.1173939766441303,0.1065,0.1158907442220502
14.00705591079514,3,3,4,0.1609,0.1059,0.12307928703134603,0.3719,0.0
15.797643128753203,5,2,1,0.0865,0.1885,0.1173939766441303,0.1065,0.1158907442220502
18.399234724980367,4,3,1,0.098,0.1,0.06699446834665028,0.1,0.34711931881012936
19.59467994917999,2,1,2,0.1046,0.0935,0.09250153657037492,0.1833,0.0
19.726949285697376,1,2,3,0.1008,0.0937,0.08059311616472034,0.0871,0.0
19.776648450122245,1,1,2,0.1029,0.1416,0.13859864781807008,0.1046,0.0
21.17445972257127,1,1,4,0.09,0.1164,0.12765058389674247,0.3837,0.0
21.649771607350182,5,4,5,0.0865,0.1885,0.1173939766441303,0.1065,0.1158907442220502
22.080101178709953,5,4,5,0.0865,0.1885,0.1173939766441303,0.1065,0.1158907442220502
24.002516934845627,3,3,1,0.2761,0.1006,0.15538567916410573,0.2349,0.0
24.049016579782933,3,1,4,0.2761,0.1006,0.15538567916410573,0.2349,0.0
26.675837075410623,1,1,2,0.1124,0.2007,0.1205439459127228,0.1304,0.0
27.714546220606152,4,3,1,0.098,0.1,0.06699446834665028,0.1,0.34711931881012936
28.655892636440704,4,2,3,0.098,0.1,0.06699446834665028,0.1,0.34711931881012936
28.725185798939126,4,3,1,0.098,0.1,0.06699446834665028,0.1,0.34711931881012936
29.190414656917802,1,3,1,0.1124,0.2007,0.1205439459127228,0.1304,0.0
29.656258516307116,3,3,2,0.1139,0.1907,0.09035033804548248,0.1006,0.0
30.81315351752418,1,3,2,0.1124,0.2007,0.1205439459127228,0.1304,0.0
32.03956278748972,5,4,5,0.0865,0.1885,0.1173939766441303,0.1065,0.1158907442220502
33.33885814035405,4,1,3,0.098,0.1,0.06699446834665028,0.1,0.34711931881012936
33.60125942623384,5,3,2,0.0865,0.1885,0.1173939766441303,0.1065,0.1158907442220502
33.89796030058223,5,5,3,0.1059,0.1527,0.14028887523048555,0.0729,0.11578016145084596
34.68129134009769,3,3,1,0.4497,0.1232,0.10698371235402582,0.2152,0.0
35.57451272682146,2,2,4,0.088,0.0889,0.08758451137062077,0.4731,0.0013269932544509565
35.99349490803113,4,4,5,0.067,0.1011,0.1593039336201598,0.064,0.2639610748645361
36.07805428382427,5,3,1,0.1059,0.1527,0.14028887523048555,0.0729,0.11578016145084596
36.68989718138442,4,2,4,0.067,0.1011,0.1593039336201598,0.064,0.2639610748645361
37.65630216721984,3,4,3,0.4497,0.1232,0.10698371235402582,0.2152,0.0
37.84896064456066,4,3,4,0.067,0.1011,0.1593039336201598,0.064,0.2639610748645361
37.92776083104373,4,4,5,0.098,0.1,0.06699446834665028,0.1,0.6191529359725755
38.36766930967304,2,3,1,0.088,0.0889,0.08758451137062077,0.4731,0.0013269932544509565
41.19832338513055,1,1,5,0.0764,0.1028,0.06664874001229257,0.1017,0.17914408935087914
41.318245782277735,5,2,4,0.1059,0.1527,0.14028887523048555,0.0729,0.11578016145084596
41.34533379576308,1,3,1,0.0764,0.1028,0.06664874001229257,0.1017,0.17914408935087914
42.00065569598683,2,3,3,0.088,0.0889,0.08758451137062077,0.4731,0.0013269932544509565
44.02943627244022,1,4,5,0.0764,0.1028,0.06664874001229257,0.1017,0.17914408935087914
44.41715781400093,1,4,5,0.0764,0.1028,0.06664874001229257,0.1017,0.17914408935087914
45.34964807524704,3,2,4,0.4497,0.1232,0.10698371235402582,0.2152,0.0
46.405453718908866,4,3,1,0.098,0.1,0.06699446834665028,0.1,0.6191529359725755
46.44867903654107,5,2,4,0.1059,0.1527,0.14028887523048555,0.0729,0.11578016145084596
47.967417515982426,1,4,5,0.0764,0.1028,0.06664874001229257,0.1017,0.17914408935087914
48.28452912364186,4,3,4,0.098,0.1,0.06699446834665028,0.1,0.6191529359725755
49.64013683392037,1,1,4,0.0922,0.1315,0.09419176398279042,0.1351,0.0
49.74122118284225,1,2,4,0.0922,0.1315,0.09419176398279042,0.1351,0.0
50.222132007024655,1,5,3,0.0922,0.1315,0.09419176398279042,0.1351,0.0
50.48142126126601,4,3,1,0.098,0.1,0.06699446834665028,0.1,0.6191529359725755
50.99201366201437,5,4,5,0.1059,0.1527,0.14028887523048555,0.0729,0.11578016145084596
52.484299162992485,3,2,3,0.4497,0.1232,0.10698371235402582,0.2152,0.0
52.940377122860106,1,2,4,0.0922,0.1315,0.09419176398279042,0.1351,0.0
56.4110223052739,3,2,4,0.4497,0.1232,0.10698371235402582,0.2152,0.0
56.96546267792189,4,2,4,0.098,0.1,0.06699446834665028,0.1,0.6191529359725755
57.59221032161244,4,3,1,0.098,0.1,0.06699446834665028,0.1,0.6191529359725755
59.40107780693304,1,3,1,0.0922,0.1315,0.09419176398279042,0.1351,0.0
60.11983986831903,2,1,1,0.088,0.0889,0.08758451137062077,0.4731,0.0013269932544509565
60.46766788121271,5,1,4,0.1059,0.1527,0.14028887523048555,0.0729,0.11578016145084596
61.40836961201927,2,2,4,0.08,0.0834,0.08481868469575907,0.6325,0.0012164104832467102
61.47956945765792,4,1,2,0.098,0.1,0.06699446834665028,0.1,0.6191529359725755
61.80871716235144,4,5,2,0.098,0.1,0.06699446834665028,0.1,0.6191529359725755
62.572047429451075,3,5,3,0.4497,0.1232,0.10698371235402582,0.2152,0.0
63.172091429413825,5,3,1,0.1059,0.1527,0.14028887523048555,0.0729,0.11578016145084596
64.21635793243031,3,2,4,0.4497,0.1232,0.10698371235402582,0.2152,0.0
64.8323978127496,2,2,5,0.098,0.1,0.06699446834665028,0.1,0.28862103284308305
65.76170407684671,2,3,4,0.098,0.1,0.06699446834665028,0.1,0.28862103284308305
65.89223234752993,2,4,5,0.098,0.1,0.06699446834665028,0.1,0.28862103284308305
67.64260660421303,2,3,4,0.098,0.1,0.06699446834665028,0.1,0.28862103284308305
67.70998079781685,3,3,1,0.6123,0.1201,0.10125998770743701,0.188,0.0
68.06767402137896,2,3,1,0.098,0.1,0.06699446834665028,0.1,0.28862103284308305
69.45814910628415,2,4,5,0.098,0.1,0.06699446834665028,0.1,0.28862103284308305
70.58349527496809,5,4,5,0.1059,0.1527,0.14028887523048555,0.0729,0.11578016145084596
71.13053802546096,2,4,5,0.098,0.1,0.06699446834665028,0.1,0.28862103284308305
72.18644148287468,2,3,4,0.098,0.1,0.06699446834665028,0.1,0.28862103284308305
75.18305448975345,4,1,2,0.098,0.1,0.06699446834665028,0.1,0.6191529359725755
76.70285096502191,2,5,3,0.098,0.1,0.06699446834665028,0.1,0.28862103284308305
81.63290958442646,5,1,1,0.1059,0.1527,0.14028887523048555,0.0729,0.11578016145084596
84.39296844369709,5,2,5,0.1059,0.1527,0.14028887523048555,0.0729,0.11578016145084596
85.23368182853847,1,3,1,0.0922,0.1315,0.09419176398279042,0.1351,0.0
87.30034044710064,2,4,5,0.098,0.1,0.06699446834665028,0.1,0.28862103284308305
87.55919660688888,4,5,2,0.098,0.1,0.06699446834665028,0.1,0.6191529359725755
87.82789458802311,5,3,1,0.1059,0.1527,0.14028887523048555,0.0729,0.11578016145084596
87.86953211445464,4,1,1,0.098,0.1,0.06699446834665028,0.1,0.6191529359725755
89.42030759677347,4,2,1,0.098,0.1,0.06699446834665028,0.1,0.6191529359725755
89.87239378340396,2,4,5,0.098,0.1,0.06699446834665028,0.1,0.28862103284308305
89.96437096208645,1,3,1,0.0922,0.1315,0.09419176398279042,0.1351,0.0
90.5013031449545,2,4,5,0.098,0.1,0.06699446834665028,0.1,0.28862103284308305
90.69763504672738,3,3,1,0.7003,0.117,0.09204056545789797,0.1751,0.0
91.61533492398223,2,4,5,0.098,0.1,0.06699446834665028,0.1,0.28862103284308305
92.60356459214492,3,3,5,0.1032,0.1001,0.158919791026429,0.1,0.14961848943934536
94.15230320973248,4,1,4,0.098,0.1,0.06699446834665028,0.1,0.6191529359725755
95.62637208395027,1,3,3,0.0922,0.1315,0.09419176398279042,0.1351,0.0
96.9564512470747,5,2,5,0.1059,0.1527,0.14028887523048555,0.0729,0.11578016145084596
96.96471871505007,3,3,2,0.1332,0.115,0.1746696373693915,0.189,0.002322238195289174
98.74246884475627,2,4,5,0.098,0.1,0.06699446834665028,0.1,0.28862103284308305
98.78054958776852,2,4,5,0.098,0.1,0.06699446834665028,0.1,0.28862103284308305
101.15143440789208,2,4,5,0.098,0.1,0.06699446834665028,0.1,0.28862103284308305
101.43593651645246,5,4,5,0.1059,0.1527,0.14028887523048555,0.0729,0.11578016145084596
102.2512886621293,5,3,1,0.1059,0.1527,0.14028887523048555,0.0729,0.11578016145084596
104.61162589994966,5,4,5,0.1059,0.1527,0.14028887523048555,0.0729,0.11578016145084596
105.12528118021878,1,5,1,0.0922,0.1315,0.09419176398279042,0.1351,0.0
106.23749441823935,2,3,4,0.098,0.1,0.06699446834665028,0.1,0.28862103284308305
107.09204468220385,5,4,5,0.1059,0.1527,0.14028887523048555,0.0729,0.11578016145084596
109.13947923539939,1,3,3,0.0922,0.1315,0.09419176398279042,0.1351,0.0
111.23224038346905,5,4,5,0.1059,0.1527,0.14028887523048555,0.0729,0.11578016145084596
111.87672470536191,3,5,2,0.1332,0.115,0.1746696373693915,0.189,0.002322238195289174
113.67346432485803,3,4,2,0.1332,0.115,0.1746696373693915,0.189,0.002322238195289174
114.82216583068816,4,4,5,0.098,0.1,0.06699446834665028,0.1,0.5557890080725423
115.28534054002425,5,4,5,0.1059,0.1527,0.14028887523048555,0.0729,0.11578016145084596
116.889721837925,4,3,3,0.098,0.1,0.06699446834665028,0.1,0.5557890080725423
117.86656216261669,4,4,5,0.098,0.1,0.06699446834665028,0.1,0.6870507574919827
117.87293255313827,4,5,2,0.098,0.1,0.06699446834665028,0.1,0.6870507574919827
121.18881358666255,2,4,5,0.098,0.1,0.06699446834665028,0.1,0.28862103284308305
121.66981975804417,3,3,5,0.098,0.1,0.06699446834665028,0.1,0.3522061262855247
122.3071328035403,5,5,3,0.0764,0.1424,0.17847264904732638,0.089,0.1158907442220502
124.54907043765641,3,4,3,0.098,0.1,0.06699446834665028,0.1,0.3522061262855247
125.93902931268643,5,4,1,0.0764,0.1424,0.17847264904732638,0.089,0.1158907442220502
126.5338851508606,3,4,5,0.098,0.1,0.06699446834665028,0.1,0.3522061262855247
126.65589456732108,5,5,3,0.0934,0.1387,0.22153503380454825,0.0906,0.1158907442220502
127.55846873428014,2,4,5,0.098,0.1,0.06699446834665028,0.1,0.28862103284308305
127.90036134354001,2,1,2,0.098,0.1,0.06699446834665028,0.1,0.28862103284308305
128.11365044363458,1,2,1,0.0922,0.1315,0.09419176398279042,0.1351,0.0
128.45472926281494,4,5,2,0.098,0.1,0.06699446834665028,0.1,0.6870507574919827
129.51673765284687,2,3,5,0.098,0.1,0.06699446834665028,0.1,0.28862103284308305
129.95279866400418,2,5,2,0.098,0.1,0.06699446834665028,0.1,0.28862103284308305
131.42174585896547,2,4,5,0.098,0.1,0.06699446834665028,0.1,0.28862103284308305
131.54844134992788,2,3,5,0.098,0.1,0.06699446834665028,0.1,0.28862103284308305
131.77594103459967,5,2,4,0.0934,0.1387,0.22153503380454825,0.0906,0.1158907442220502
132.2926733261303,5,3,5,0.0934,0.1387,0.22153503380454825,0.0906,0.1158907442220502
133.06707949975447,3,3,1,0.1811,0.1689,0.09538260602335587,0.1568,0.002322238195289174
133.64075728853794,4,5,2,0.098,0.1,0.06699446834665028,0.1,0.6870507574919827
133.65739432401202,4,5,2,0.098,0.1,0.06699446834665028,0.1,0.6870507574919827
133.96511869470123,1,1,2,0.1394,0.2347,0.12119698832206514,0.1707,0.0
134.2551858333142,2,4,5,0.098,0.1,0.06699446834665028,0.1,0.28862103284308305
134.83240146327492,2,4,1,0.098,0.1,0.06699446834665028,0.1,0.28862103284308305
135.96967063620485,4,3,3,0.098,0.1,0.06699446834665028,0.1,0.6870507574919827
136.62529624535813,3,1,2,0.1811,0.1689,0.09538260602335587,0.1568,0.002322238195289174
136.70675128892123,2,4,5,0.098,0.1,0.06699446834665028,0.1,0.28862103284308305
137.32049400450867,2,3,1,0.098,0.1,0.06699446834665028,0.1,0.28862103284308305
138.38482979923015,3,5,3,0.1811,0.1689,0.09538260602335587,0.1568,0.002322238195289174
139.47170598452652,5,5,3,0.1159,0.1424,0.24769514443761526,0.0963,0.11533783036602897
139.52256685187956,4,3,1,0.098,0.1,0.06699446834665028,0.1,0.6870507574919827
140.05229721104473,5,3,2,0.1159,0.1424,0.24769514443761526,0.0963,0.11533783036602897
142.12967131907232,5,2,5,0.1159,0.1424,0.24769514443761526,0.0963,0.11533783036602897
142.5738401827556,5,4,5,0.1159,0.1424,0.24769514443761526,0.0963,0.11533783036602897
143.6677530773056,4,5,3,0.098,0.1,0.06699446834665028,0.1,0.6870507574919827
143.7814004836691,3,1,2,0.1811,0.1689,0.09538260602335587,0.1568,0.002322238195289174
145.2493399862431,3,3,1,0.7179,0.1156,0.07279502151198525,0.1724,0.0
145.9162054562085,2,4,5,0.098,0.1,0.06699446834665028,0.1,0.28862103284308305
146.1391011850576,5,4,5,0.1159,0.1424,0.24769514443761526,0.0963,0.11533783036602897
146.8783396593811,1,3,1,0.1394,0.2347,0.12119698832206514,0.1707,0.0
147.92582325739235,5,1,2,0.1159,0.1424,0.24769514443761526,0.0963,0.11533783036602897
149.3532881544415,5,1,2,0.1159,0.1424,0.24769514443761526,0.0963,0.11533783036602897
151.986478622704,2,3,1,0.098,0.1,0.06699446834665028,0.1,0.28862103284308305
153.11674281710182,2,3,1,0.098,0.1,0.06699446834665028,0.1,0.28862103284308305
155.31661480594013,5,4,4,0.1159,0.1424,0.24769514443761526,0.0963,0.11533783036602897
155.66911294960397,1,3,1,0.1394,0.2347,0.12119698832206514,0.1707,0.0
155.77299133153858,5,1,4,0.1159,0.1424,0.24769514443761526,0.0963,0.11533783036602897
158.7658607717944,5,2,5,0.1159,0.1424,0.24769514443761526,0.0963,0.11533783036602897
159.170638472613,2,1,1,0.098,0.1,0.06699446834665028,0.1,0.28862103284308305
159.47429190291123,3,1,4,0.7179,0.1156,0.07279502151198525,0.1724,0.0
160.21069439329912,5,3,1,0.1159,0.1424,0.24769514443761526,0.0963,0.11533783036602897
160.62325311045518,4,5,2,0.098,0.1,0.06699446834665028,0.1,0.6870507574919827
161.01913967481596,2,1,2,0.098,0.1,0.06699446834665028,0.1,0.28862103284308305
161.8398994224291,2,3,1,0.098,0.1,0.06699446834665028,0.1,0.28862103284308305
161.99003196013803,2,4,5,0.098,0.1,0.06699446834665028,0.1,0.28862103284308305
163.3941946519636,5,4,5,0.1159,0.1424,0.24769514443761526,0.0963,0.11533783036602897
166.0505203467703,4,5,3,0.098,0.1,0.06699446834665028,0.1,0.6870507574919827
167.42411899011333,2,3,1,0.098,0.1,0.06699446834665028,0.1,0.28862103284308305
170.46405024287318,2,1,4,0.098,0.1,0.06699446834665028,0.1,0.28862103284308305
170.52236013221824,1,1,4,0.0866,0.1646,0.09373079287031345,0.6739,0.0
170.89297441662262,1,3,1,0.0866,0.1646,0.09373079287031345,0.6739,0.0
171.68041122434724,2,3,1,0.098,0.1,0.06699446834665028,0.1,0.28862103284308305
171.8965943883833,1,1,4,0.0893,0.1527,0.07682851874615858,0.7093,0.0
173.06952451859175,1,1,4,0.0893,0.1495,0.07552243392747388,0.7281,0.0
174.93484670447066,2,4,5,0.098,0.1,0.06699446834665028,0.1,0.28862103284308305
176.59828640245377,5,3,1,0.1159,0.1424,0.24769514443761526,0.0963,0.11533783036602897
178.85106211545315,4,2,1,0.098,0.1,0.06699446834665028,0.1,0.6870507574919827
180.31468678089118,2,4,5,0.098,0.1,0.06699446834665028,0.1,0.28862103284308305
181.50532129996864,5,3,1,0.1159,0.1424,0.24769514443761526,0.0963,0.11533783036602897
181.8501276608207,4,3,4,0.098,0.1,0.06699446834665028,0.1,0.6870507574919827
181.89961623453527,2,4,5,0.098,0.1,0.06699446834665028,0.1,0.28862103284308305
184.29386603088443,4,3,1,0.098,0.1,0.06699446834665028,0.1,0.6870507574919827
186.32259577843482,3,1,4,0.7179,0.1156,0.07279502151198525,0.1724,0.0
187.84343055099853,2,3,3,0.098,0.1,0.06699446834665028,0.1,0.28862103284308305
189.37118488147635,1,3,1,0.0893,0.1495,0.07552243392747388,0.7281,0.0
189.70827528005626,1,3,1,0.0893,0.1495,0.07552243392747388,0.7281,0.0
190.63073627698444,1,3,1,0.0893,0.1495,0.07552243392747388,0.7281,0.0
193.00434813680914,3,5,3,0.7179,0.1156,0.07279502151198525,0.1724,0.0
194.14276995775322,2,3,1,0.098,0.1,0.06699446834665028,0.1,0.28862103284308305
194.6839500332491,5,3,4,0.1159,0.1424,0.24769514443761526,0.0963,0.11533783036602897
194.70413510094096,4,3,1,0.098,0.1,0.06699446834665028,0.1,0.6870507574919827
195.36603199464525,4,4,5,0.098,0.1,0.06699446834665028,0.1,0.7507464337056287
195.8001856615553,2,4,5,0.098,0.1,0.06699446834665028,0.1,0.28862103284308305
196.57258785425668,2,4,5,0.098,0.1,0.06699446834665028,0.1,0.28862103284308305
197.95416403859173,1,1,5,0.098,0.1,0.06699446834665028,0.1,0.31803604998341256
198.6673692372033,1,1,5,0.098,0.1,0.06699446834665028,0.1,0.5227247594824727
198.79221225951216,2,4,5,0.098,0.1,0.06699446834665028,0.1,0.28862103284308305
199.98224377630004,5,2,5,0.1159,0.1424,0.24769514443761526,0.0963,0.11533783036602897
200.0943711211193,2,3,2,0.098,0.1,0.06699446834665028,0.1,0.28862103284308305
200.80551330199526,1,4,5,0.098,0.1,0.06699446834665028,0.1,0.5227247594824727
200.83435463537822,2,4,5,0.098,0.1,0.06699446834665028,0.1,0.28862103284308305
201.10831688830257,4,3,1,0.098,0.1,0.06699446834665028,0.1,0.7507464337056287
201.4331962853229,1,4,5,0.098,0.1,0.06699446834665028,0.1,0.5227247594824727
202.73368259071393,1,4,5,0.098,0.1,0.06699446834665028,0.1,0.5227247594824727
202.97215691492545,5,3,1,0.1159,0.1424,0.24769514443761526,0.0963,0.11533783036602897
203.44332963241817,1,3,1,0.098,0.1,0.06699446834665028,0.1,0.5227247594824727
204.97192027130166,3,5,2,0.7179,0.1156,0.07279502151198525,0.1724,0.0
205.06330807930414,1,1,2,0.0988,0.1238,0.13994314689612783,0.1007,0.09543293154926462
205.36741036553997,4,5,3,0.098,0.1,0.06699446834665028,0.1,0.7507464337056287
208.0685991319934,1,3,1,0.0988,0.1238,0.13994314689612783,0.1007,0.09543293154926462
210.13637786085718,2,5,1,0.098,0.1,0.06699446834665028,0.1,0.28862103284308305
210.50897990986294,1,1,2,0.1343,0.2901,0.097380147510756,0.1976,0.11224151277231008
210.7107712752311,1,3,1,0.1343,0.2901,0.097380147510756,0.1976,0.11224151277231008
212.89198760087214,2,4,5,0.098,0.1,0.06699446834665028,0.1,0.28862103284308305
216.21460506693256,1,3,4,0.1343,0.2901,0.097380147510756,0.1976,0.11224151277231008
216.75866880768385,1,4,5,0.1343,0.2901,0.097380147510756,0.1976,0.11224151277231008
218.6210002177106,5,4,5,0.1159,0.1424,0.24769514443761526,0.0963,0.11533783036602897
219.72637818957318,5,1,2,0.1159,0.1424,0.24769514443761526,0.0963,0.11533783036602897
219.76378268892816,4,4,5,0.098,0.1,0.06699446834665028,0.1,0.8099082162999005
222.43327657221425,2,4,5,0.098,0.1,0.06699446834665028,0.1,0.28862103284308305
222.47363189579838,2,1,4,0.098,0.1,0.06699446834665028,0.1,0.28862103284308305
222.58184973083604,2,1,2,0.098,0.1,0.06699446834665028,0.1,0.28862103284308305
222.61111583102578,1,3,1,0.1343,0.2901,0.097380147510756,0.1976,0.11224151277231008
223.5316044218977,1,4,5,0.1343,0.2901,0.097380147510756,0.1976,0.11224151277231008
225.44834318422454,2,4,5,0.098,0.1,0.06699446834665028,0.1,0.28862103284308305
228.10142218948516,4,5,1,0.098,0.1,0.06699446834665028,0.1,0.8099082162999005
228.90825783518136,4,1,1,0.098,0.1,0.06699446834665028,0.1,0.8099082162999005
229.06514817405156,5,3,1,0.1159,0.1424,0.24769514443761526,0.0963,0.11533783036602897
229.36080580461825,5,1,4,0.1159,0.1424,0.24769514443761526,0.0963,0.11533783036602897
231.78983386234447,2,5,2,0.098,0.1,0.06699446834665028,0.1,0.28862103284308305
232.3351966030514,2,3,1,0.098,0.1,0.06699446834665028,0.1,0.28862103284308305
232.57672980251712,5,4,5,0.1159,0.1424,0.24769514443761526,0.0963,0.11533783036602897
232.62402089278078,1,4,5,0.1343,0.2901,0.097380147510756,0.1976,0.11224151277231008
232.7656721982677,2,4,5,0.098,0.1,0.06699446834665028,0.1,0.28862103284308305
233.0778588209112,5,3,1,0.1159,0.1424,0.24769514443761526,0.0963,0.11533783036602897
233.76224016953535,5,3,1,0.1159,0.1424,0.24769514443761526,0.0963,0.11533783036602897
234.2691649565425,4,5,3,0.098,0.1,0.06699446834665028,0.1,0.8099082162999005
235.12519438949604,2,1,2,0.098,0.1,0.06699446834665028,0.1,0.28862103284308305
236.73806728577233,1,1,2,0.1192,0.3215,0.11263060848186847,0.2051,0.1385602123189207
236.9388200836744,2,4,5,0.098,0.1,0.06699446834665028,0.1,0.28862103284308305
237.54202135170965,5,1,5,0.1159,0.1424,0.24769514443761526,0.0963,0.11533783036602897
238.24776538272653,1,5,3,0.1192,0.3215,0.11263060848186847,0.2051,0.1385602123189207
241.90315031811613,2,1,2,0.098,0.1,0.06699446834665028,0.1,0.28862103284308305
241.9586619498643,1,3,1,0.1192,0.3215,0.11263060848186847,0.2051,0.1385602123189207
246.8636829022886,5,1,2,0.1159,0.1424,0.24769514443761526,0.0963,0.11533783036602897
247.96412494124036,3,1,4,0.7179,0.1156,0.07279502151198525,0.1724,0.0
247.99432951516147,3,1,2,0.7179,0.1156,0.07279502151198525,0.1724,0.0
248.23031523959645,3,3,5,0.098,0.1,0.06699446834665028,0.1,0.42331084816985515
248.89228787271253,1,3,5,0.1192,0.3215,0.11263060848186847,0.2051,0.1385602123189207
249.40521566112136,2,1,4,0.098,0.1,0.06699446834665028,0.1,0.28862103284308305
250.25253729917492,3,5,3,0.098,0.1,0.06699446834665028,0.1,0.42331084816985515
250.525343532121,2,3,5,0.098,0.1,0.06699446834665028,0.1,0.28862103284308305
250.5504178542206,2,3,5,0.098,0.1,0.06699446834665028,0.1,0.28862103284308305
251.5243985336347,2,4,5,0.098,0.1,0.06699446834665028,0.1,0.28862103284308305
253.58867063376064,4,3,1,0.098,0.1,0.06699446834665028,0.1,0.8099082162999005
254.81307002298968,2,4,5,0.098,0.1,0.06699446834665028,0.1,0.28862103284308305
256.23461880089616,3,1,4,0.098,0.1,0.06699446834665028,0.1,0.42331084816985515
256.739436399303,3,1,3,0.098,0.1,0.06699446834665028,0.1,0.42331084816985515
258.00403385075543,4,5,1,0.098,0.1,0.06699446834665028,0.1,0.8099082162999005
258.3126876097251,1,3,5,0.1192,0.3215,0.11263060848186847,0.2051,0.1385602123189207
258.454765330547,1,4,5,0.1192,0.3215,0.11263060848186847,0.2051,0.1385602123189207
260.5620496573284,2,1,2,0.098,0.1,0.06699446834665028,0.1,0.28862103284308305
260.7407341927347,5,5,3,0.1113,0.1166,0.27554548248309774,0.0994,0.11566957867964171
260.7936278264092,2,5,4,0.098,0.1,0.06699446834665028,0.1,0.28862103284308305
261.11927874710284,3,4,5,0.098,0.1,0.06699446834665028,0.1,0.42331084816985515
264.1760519576387,5,1,4,0.1113,0.1166,0.27554548248309774,0.0994,0.11566957867964171
264.2879522611368,2,5,2,0.098,0.1,0.06699446834665028,0.1,0.28862103284308305
265.182223891344,4,5,3,0.098,0.1,0.06699446834665028,0.1,0.8099082162999005
266.4938777320697,2,3,5,0.098,0.1,0.06699446834665028,0.1,0.28862103284308305
267.2823419239123,5,5,3,0.1059,0.1238,0.3019360786724032,0.1031,0.11522724759482472
267.389501237449,5,1,2,0.1059,0.1238,0.3019360786724032,0.1031,0.11522724759482472
267.6711051611927,1,4,5,0.1192,0.3215,0.11263060848186847,0.2051,0.1385602123189207
267.84644995417653,3,4,5,0.098,0.1,0.06699446834665028,0.1,0.42331084816985515
267.8771100844652,5,2,5,0.1059,0.1238,0.3019360786724032,0.1031,0.11522724759482472
268.2465659774802,2,4,5,0.098,0.1,0.06699446834665028,0.1,0.28862103284308305
268.87300818435625,2,4,5,0.098,0.1,0.06699446834665028,0.1,0.28862103284308305
270.21511635083664,4,4,5,0.098,0.1,0.06699446834665028,0.1,0.8279332080061926
271.4120292719544,2,1,4,0.098,0.1,0.06699446834665028,0.1,0.28862103284308305
272.32433049486906,2,1,1,0.098,0.1,0.06699446834665028,0.1,0.28862103284308305
272.37742127309764,3,4,5,0.098,0.1,0.06699446834665028,0.1,0.42331084816985515
275.51193918544396,3,4,5,0.098,0.1,0.06699446834665028,0.1,0.42331084816985515
276.4890258173486,2,3,4,0.098,0.1,0.06699446834665028,0.1,0.28862103284308305
276.73453044829256,1,3,5,0.1192,0.3215,0.11263060848186847,0.2051,0.1385602123189207
277.04797496287296,3,4,5,0.098,0.1,0.06699446834665028,0.1,0.42331084816985515
279.30179121985657,3,4,5,0.098,0.1,0.06699446834665028,0.1,0.42331084816985515
279.84943690221417,3,4,1,0.098,0.1,0.06699446834665028,0.1,0.42331084816985515
280.1696316277338,4,1,1,0.098,0.1,0.06699446834665028,0.1,0.8279332080061926
281.5607408505211,5,4,5,0.1059,0.1238,0.3019360786724032,0.1031,0.11522724759482472
282.2048713360073,3,4,5,0.098,0.1,0.06699446834665028,0.1,0.42331084816985515
286.2196167926258,5,5,3,0.0859,0.1258,0.3167639827904118,0.1009,0.11533783036602897
287.55610518820737,2,5,3,0.098,0.1,0.06699446834665028,0.1,0.28862103284308305
287.8800610912724,1,5,3,0.1192,0.3215,0.11263060848186847,0.2051,0.1385602123189207
288.8488141973545,3,4,5,0.098,0.1,0.06699446834665028,0.1,0.42331084816985515
289.7349547526936,2,4,5,0.098,0.1,0.06699446834665028,0.1,0.28862103284308305
290.24617984254934,4,2,2,0.098,0.1,0.06699446834665028,0.1,0.8279332080061926
290.5800115282323,4,1,2,0.098,0.1,0.06699446834665028,0.1,0.8279332080061926
292.69958382128794,3,4,5,0.098,0.1,0.06699446834665028,0.1,0.42331084816985515
293.7638621597754,1,3,5,0.1192,0.3215,0.11263060848186847,0.2051,0.1385602123189207
295.2160894360806,4,4,4,0.1329,0.0958,0.13126152427781193,0.1036,0.12794426628331307
296.500752391254,4,4,5,0.098,0.1,0.06699446834665028,0.1,0.8267167975229459
298.24467698042287,2,4,2,0.098,0.1,0.06699446834665028,0.1,0.28862103284308305
299.4479442233727,1,3,5,0.1192,0.3215,0.11263060848186847,0.2051,0.1385602123189207
299.71173315795113,1,1,2,0.117,0.334,0.1038721573448064,0.2076,0.13977662280216743
299.7988998423976,5,2,1,0.0859,0.1258,0.3167639827904118,0.1009,0.11533783036602897
299.80634835478776,3,4,5,0.098,0.1,0.06699446834665028,0.1,0.42331084816985515
302.00698962486285,2,3,5,0.098,0.1,0.06699446834665028,0.1,0.28862103284308305
305.0894770128229,2,3,5,0.098,0.1,0.06699446834665028,0.1,0.28862103284308305
305.140236752876,2,4,5,0.098,0.1,0.06699446834665028,0.1,0.28862103284308305
305.7239049791771,3,5,3,0.098,0.1,0.06699446834665028,0.1,0.42331084816985515
307.22963242704435,3,4,5,0.098,0.1,0.06699446834665028,0.1,0.42331084816985515
307.95537641988193,2,1,4,0.098,0.1,0.06699446834665028,0.1,0.28862103284308305
309.09659285261563,4,1,3,0.098,0.1,0.06699446834665028,0.1,0.8267167975229459
309.19720357393504,1,4,5,0.117,0.334,0.1038721573448064,0.2076,0.13977662280216743
309.6060967862322,5,4,5,0.0859,0.1258,0.3167639827904118,0.1009,0.11533783036602897
310.24309915183517,3,4,5,0.098,0.1,0.06699446834665028,0.1,0.42331084816985515
310.4031738509066,3,4,5,0.098,0.1,0.06699446834665028,0.1,0.42331084816985515
311.2265002256343,2,5,2,0.098,0.1,0.06699446834665028,0.1,0.28862103284308305
311.3750883530354,2,4,5,0.098,0.1,0.06699446834665028,0.1,0.28862103284308305
311.71667788555675,5,4,5,0.0859,0.1258,0.3167639827904118,0.1009,0.11533783036602897
313.14933456420795,1,4,5,0.117,0.334,0.1038721573448064,0.2076,0.13977662280216743
315.14662397391373,1,3,5,0.117,0.334,0.1038721573448064,0.2076,0.13977662280216743
318.1428849964864,2,4,5,0.098,0.1,0.06699446834665028,0.1,0.28862103284308305
318.34720885305626,2,4,5,0.098,0.1,0.06699446834665028,0.1,0.28862103284308305
318.5516034883572,2,3,5,0.098,0.1,0.06699446834665028,0.1,0.28862103284308305
318.6803408924172,3,1,1,0.098,0.1,0.06699446834665028,0.1,0.42331084816985515
322.48343096932115,2,3,5,0.098,0.1,0.06699446834665028,0.1,0.28862103284308305
322.71487195715355,2,1,2,0.098,0.1,0.06699446834665028,0.1,0.28862103284308305
323.6887261721384,2,3,5,0.098,0.1,0.06699446834665028,0.1,0.28862103284308305
323.7389945906445,3,1,2,0.098,0.1,0.06699446834665028,0.1,0.42331084816985515
324.7777270252313,2,4,5,0.098,0.1,0.06699446834665028,0.1,0.28862103284308305
326.86526518874024,4,4,4,0.1435,0.0998,0.14109557467732023,0.1542,0.15249364149065575
328.3410832858052,2,5,1,0.098,0.1,0.06699446834665028,0.1,0.28862103284308305
328.6194592572137,2,1,4,0.098,0.1,0.06699446834665028,0.1,0.28862103284308305
328.71979074428833,1,1,2,0.1147,0.3418,0.10986478180700676,0.2219,0.1375649673780825
328.9849146779996,5,1,2,0.0859,0.1258,0.3167639827904118,0.1009,0.11533783036602897
330.4585615107515,5,5,3,0.1057,0.1168,0.34784111862323297,0.1014,0.1070441225257105
331.02522594783113,2,5,3,0.098,0.1,0.06699446834665028,0.1,0.28862103284308305
331.6916930944873,5,3,5,0.1057,0.1168,0.34784111862323297,0.1014,0.1070441225257105
331.8568497987949,2,1,4,0.098,0.1,0.06699446834665028,0.1,0.28862103284308305
332.6217818139505,3,5,4,0.098,0.1,0.06699446834665028,0.1,0.42331084816985515
333.4884679947653,2,3,5,0.098,0.1,0.06699446834665028,0.1,0.28862103284308305
333.9854670800652,1,3,5,0.1147,0.3418,0.10986478180700676,0.2219,0.1375649673780825
334.12067452557676,5,4,1,0.1057,0.1168,0.34784111862323297,0.1014,0.1070441225257105
334.90536902036655,2,1,2,0.098,0.1,0.06699446834665028,0.1,0.28862103284308305
335.1173499194587,5,3,5,0.1057,0.1168,0.34784111862323297,0.1014,0.1070441225257105
335.3099740261326,4,5,3,0.1435,0.0998,0.14109557467732023,0.1542,0.15249364149065575
336.1659616762815,5,2,5,0.1057,0.1168,0.34784111862323297,0.1014,0.1070441225257105
337.0260102927256,2,3,5,0.098,0.1,0.06699446834665028,0.1,0.28862103284308305
337.50291922546853,4,2,5,0.1435,0.0998,0.14109557467732023,0.1542,0.15249364149065575
340.368805439231,4,4,4,0.0883,0.114,0.0691840811309158,0.6066,0.42806590733163774
340.38991533078774,1,4,4,0.1147,0.3418,0.10986478180700676,0.2219,0.1375649673780825
340.4224274000635,3,4,4,0.098,0.1,0.06699446834665028,0.1,0.42331084816985515
344.65948709598234,3,5,4,0.098,0.1,0.06699446834665028,0.1,0.42331084816985515
349.36786759418374,2,5,3,0.098,0.1,0.06699446834665028,0.1,0.28862103284308305
349.836023917888,3,1,2,0.098,0.1,0.06699446834665028,0.1,0.42331084816985515
354.72508183707,2,4,5,0.098,0.1,0.06699446834665028,0.1,0.28862103284308305
354.9544365250865,2,4,5,0.098,0.1,0.06699446834665028,0.1,0.28862103284308305
358.12778330287335,5,1,4,0.1057,0.1168,0.34784111862323297,0.1014,0.1070441225257105
358.2599650149657,1,4,5,0.1147,0.3418,0.10986478180700676,0.2219,0.1375649673780825
360.8089213115318,1,2,5,0.1147,0.3418,0.10986478180700676,0.2219,0.1375649673780825
361.06974410884914,5,2,5,0.1057,0.1168,0.34784111862323297,0.1014,0.1070441225257105
361.2143467164644,3,4,4,0.098,0.1,0.06699446834665028,0.1,0.42331084816985515
361.2571769195468,5,1,4,0.1057,0.1168,0.34784111862323297,0.1014,0.1070441225257105
362.0945116211245,3,4,5,0.098,0.1,0.06699446834665028,0.1,0.42331084816985515
362.21801117318313,2,1,3,0.098,0.1,0.06699446834665028,0.1,0.28862103284308305
363.8515610023707,1,4,4,0.1147,0.3418,0.10986478180700676,0.2219,0.1375649673780825
363.8635334309694,3,4,4,0.098,0.1,0.06699446834665028,0.1,0.42331084816985515
364.23483637843157,3,4,5,0.098,0.1,0.06699446834665028,0.1,0.42331084816985515
364.43766096674665,1,3,5,0.1147,0.3418,0.10986478180700676,0.2219,0.1375649673780825
364.57989082327606,2,1,1,0.098,0.1,0.06699446834665028,0.1,0.28862103284308305
364.7725717229063,2,4,4,0.098,0.1,0.06699446834665028,0.1,0.28862103284308305
366.2530451958407,3,4,2,0.098,0.1,0.06699446834665028,0.1,0.42331084816985515
368.40175952331964,1,1,1,0.2564,0.1351,0.06952980946527351,0.6741,0.1344686497843636
369.0012889768863,3,4,5,0.098,0.1,0.06699446834665028,0.1,0.42331084816985515
369.4288046378065,2,3,5,0.098,0.1,0.06699446834665028,0.1,0.28862103284308305
369.76713901580257,2,1,4,0.098,0.1,0.06699446834665028,0.1,0.28862103284308305
371.09354571840345,1,5,3,0.2564,0.1351,0.06952980946527351,0.6741,0.1344686497843636
371.1307222980436,4,1,4,0.0883,0.114,0.0691840811309158,0.6066,0.42806590733163774
373.5649772954416,3,4,2,0.098,0.1,0.06699446834665028,0.1,0.42331084816985515
374.57966186212377,4,1,4,0.0883,0.114,0.0691840811309158,0.6066,0.42806590733163774
375.8644138802189,2,4,5,0.098,0.1,0.06699446834665028,0.1,0.28862103284308305
376.07707465278884,5,1,2,0.1057,0.1168,0.34784111862323297,0.1014,0.1070441225257105
376.8298202875132,3,1,1,0.098,0.1,0.06699446834665028,0.1,0.42331084816985515
378.1065787768193,5,4,5,0.1057,0.1168,0.34784111862323297,0.1014,0.1070441225257105
379.4236006428916,2,3,1,0.098,0.1,0.06699446834665028,0.1,0.28862103284308305
383.1088102623157,3,4,4,0.098,0.1,0.06699446834665028,0.1,0.42331084816985515
383.11379373348973,5,3,5,0.1057,0.1168,0.34784111862323297,0.1014,0.1070441225257105
383.5852566016378,4,3,5,0.0883,0.114,0.0691840811309158,0.6066,0.42806590733163774
383.80279166077673,1,4,5,0.2564,0.1351,0.06952980946527351,0.6741,0.1344686497843636
384.6714036515084,4,1,4,0.0883,0.114,0.0691840811309158,0.6066,0.42806590733163774
385.2456906599261,4,3,5,0.0883,0.114,0.0691840811309158,0.6066,0.42806590733163774
385.6397030435805,2,3,5,0.098,0.1,0.06699446834665028,0.1,0.28862103284308305
386.7370050869593,2,1,1,0.098,0.1,0.06699446834665028,0.1,0.28862103284308305
387.60474579425016,5,4,4,0.1057,0.1168,0.34784111862323297,0.1014,0.1070441225257105
387.8628936148734,4,1,4,0.0883,0.114,0.0691840811309158,0.6066,0.42806590733163774
389.0104693789975,1,1,1,0.4838,0.1288,0.0686078672403196,0.6576,0.12363153820634745
389.1055487380646,2,4,5,0.098,0.1,0.06699446834665028,0.1,0.28862103284308305
389.6613961120549,3,4,4,0.098,0.1,0.06699446834665028,0.1,0.42331084816985515
391.08608703740265,4,1,4,0.0883,0.114,0.0691840811309158,0.6066,0.42806590733163774
391.8795279619307,5,2,5,0.1057,0.1168,0.34784111862323297,0.1014,0.1070441225257105
392.29682471195866,1,5,3,0.4838,0.1288,0.0686078672403196,0.6576,0.12363153820634745
393.0423649333171,5,3,5,0.1057,0.1168,0.34784111862323297,0.1014,0.1070441225257105
393.1503111680323,5,3,5,0.1057,0.1168,0.34784111862323297,0.1014,0.1070441225257105
393.8171813618458,2,1,4,0.098,0.1,0.06699446834665028,0.1,0.28862103284308305
397.61314908543704,2,4,5,0.098,0.1,0.06699446834665028,0.1,0.28862103284308305
399.48215756024075,3,4,5,0.098,0.1,0.06699446834665028,0.1,0.42331084816985515
403.32614105024584,3,4,5,0.098,0.1,0.06699446834665028,0.1,0.42331084816985515
405.5746868074855,2,4,5,0.098,0.1,0.06699446834665028,0.1,0.28862103284308305
405.62234712954654,5,4,5,0.1057,0.1168,0.34784111862323297,0.1014,0.1070441225257105
406.36968487312686,2,4,5,0.098,0.1,0.06699446834665028,0.1,0.28862103284308305
406.424630789072,2,3,5,0.098,0.1,0.06699446834665028,0.1,0.28862103284308305
406.93414987646827,2,4,4,0.098,0.1,0.06699446834665028,0.1,0.28862103284308305
407.40365252890484,4,1,4,0.0883,0.114,0.0691840811309158,0.6066,0.42806590733163774
407.4066780075345,4,4,1,0.2666,0.1011,0.06737861094038107,0.5917,0.5946035607652328
408.174255572265,5,4,1,0.1057,0.1168,0.34784111862323297,0.1014,0.1070441225257105
408.55531612036776,3,1,4,0.098,0.1,0.06699446834665028,0.1,0.42331084816985515
410.40571488722605,3,1,2,0.098,0.1,0.06699446834665028,0.1,0.42331084816985515
410.75926233062347,4,1,4,0.2666,0.1011,0.06737861094038107,0.5917,0.5946035607652328
410.8191990182242,3,4,5,0.098,0.1,0.06699446834665028,0.1,0.42331084816985515
412.25295807298676,4,1,1,0.2666,0.1011,0.06737861094038107,0.5917,0.5946035607652328
415.450125056613,4,4,2,0.1298,0.1534,0.09257836508912108,0.318,0.4592502488112352
418.2154355076375,4,1,4,0.1298,0.1534,0.09257836508912108,0.318,0.4592502488112352
418.3519412313438,4,5,3,0.1298,0.1534,0.09257836508912108,0.318,0.4592502488112352
419.220990678208,1,4,5,0.4838,0.1288,0.0686078672403196,0.6576,0.12363153820634745
419.30963904927756,4,1,4,0.1298,0.1534,0.09257836508912108,0.318,0.4592502488112352
419.7678196186559,3,1,4,0.098,0.1,0.06699446834665028,0.1,0.42331084816985515
420.7515972309794,4,5,3,0.1298,0.1534,0.09257836508912108,0.318,0.4592502488112352
422.12863460149623,3,1,4,0.098,0.1,0.06699446834665028,0.1,0.42331084816985515
423.86893877678267,2,1,1,0.098,0.1,0.06699446834665028,0.1,0.28862103284308305
425.37799693353037,4,1,4,0.1298,0.1534,0.09257836508912108,0.318,0.4592502488112352
426.6323990926392,5,2,5,0.1057,0.1168,0.34784111862323297,0.1014,0.1070441225257105
428.665614021669,3,4,4,0.098,0.1,0.06699446834665028,0.1,0.42331084816985515
431.50804124995426,5,3,5,0.1057,0.1168,0.34784111862323297,0.1014,0.1070441225257105
431.8519304910015,4,1,4,0.1298,0.1534,0.09257836508912108,0.318,0.4592502488112352
432.5173643767687,4,1,1,0.1298,0.1534,0.09257836508912108,0.318,0.4592502488112352
432.7489805862235,5,3,5,0.1057,0.1168,0.34784111862323297,0.1014,0.1070441225257105
434.06338286174474,1,2,5,0.4838,0.1288,0.0686078672403196,0.6576,0.12363153820634745
435.7588498431588,2,3,5,0.098,0.1,0.06699446834665028,0.1,0.28862103284308305
437.13417247274504,4,1,4,0.1298,0.1534,0.09257836508912108,0.318,0.4592502488112352
437.6542881111882,2,4,4,0.098,0.1,0.06699446834665028,0.1,0.28862103284308305
439.615765242117,1,4,5,0.4838,0.1288,0.0686078672403196,0.6576,0.12363153820634745
440.0265659478893,4,4,2,0.1188,0.2024,0.0910417947141979,0.2467,0.3836116333075307
440.05406750703645,3,4,4,0.098,0.1,0.06699446834665028,0.1,0.42331084816985515
441.2116781799429,3,5,3,0.098,0.1,0.06699446834665028,0.1,0.42331084816985515
441.3369056084413,1,3,5,0.4838,0.1288,0.0686078672403196,0.6576,0.12363153820634745
441.3536107708919,2,5,2,0.098,0.1,0.06699446834665028,0.1,0.28862103284308305
442.0574293939505,5,1,1,0.1057,0.1168,0.34784111862323297,0.1014,0.1070441225257105
443.0263428658779,5,4,4,0.1057,0.1168,0.34784111862323297,0.1014,0.1070441225257105
443.57670553034336,1,5,3,0.4838,0.1288,0.0686078672403196,0.6576,0.12363153820634745
444.410264825737,5,4,5,0.1057,0.1168,0.34784111862323297,0.1014,0.1070441225257105
444.6402298991947,2,1,2,0.098,0.1,0.06699446834665028,0.1,0.28862103284308305
446.8810769509369,2,3,5,0.098,0.1,0.06699446834665028,0.1,0.28862103284308305
449.3709991869285,5,1,4,0.1057,0.1168,0.34784111862323297,0.1014,0.1070441225257105
449.83952553599744,1,3,5,0.4838,0.1288,0.0686078672403196,0.6576,0.12363153820634745
451.67186490073885,4,3,5,0.1188,0.2024,0.0910417947141979,0.2467,0.3836116333075307
453.7362808379044,3,1,1,0.098,0.1,0.06699446834665028,0.1,0.42331084816985515
454.15504777371467,1,5,3,0.4838,0.1288,0.0686078672403196,0.6576,0.12363153820634745
458.8119296156495,5,1,1,0.1057,0.1168,0.34784111862323297,0.1014,0.1070441225257105
460.1291544923025,1,3,5,0.4838,0.1288,0.0686078672403196,0.6576,0.12363153820634745
460.60142253542176,2,4,4,0.098,0.1,0.06699446834665028,0.1,0.28862103284308305
461.8295757823867,2,1,4,0.098,0.1,0.06699446834665028,0.1,0.28862103284308305
462.4883116282625,2,4,3,0.098,0.1,0.06699446834665028,0.1,0.28862103284308305
462.9777253627848,4,3,5,0.1188,0.2024,0.0910417947141979,0.2467,0.3836116333075307
463.016342811221,4,3,5,0.1188,0.2024,0.0910417947141979,0.2467,0.3836116333075307
464.6328992404998,5,1,4,0.1057,0.1168,0.34784111862323297,0.1014,0.1070441225257105
465.3912129776809,2,1,4,0.098,0.1,0.06699446834665028,0.1,0.28862103284308305
465.6835737647095,5,5,3,0.1059,0.109,0.3609019668100799,0.1049,0.1115780161450846
470.2058418768254,5,1,4,0.1059,0.109,0.3609019668100799,0.1049,0.1115780161450846
470.54964489210136,5,5,3,0.1216,0.1073,0.3846035648432698,0.1079,0.1006303217958642
471.47039926793263,5,2,5,0.1216,0.1073,0.3846035648432698,0.1079,0.1006303217958642
472.90939151229463,1,1,1,0.6131,0.1318,0.06968346650276583,0.6454,0.1263961074864536
473.5159386398926,1,5,3,0.6131,0.1318,0.06968346650276583,0.6454,0.1263961074864536
474.69702724706195,2,3,5,0.098,0.1,0.06699446834665028,0.1,0.28862103284308305
474.89215548081705,5,3,5,0.1216,0.1073,0.3846035648432698,0.1079,0.1006303217958642
477.7467761604066,1,1,4,0.4938,0.1388,0.06730178242163491,0.736,0.10273139444874489
479.43824340132517,4,1,4,0.1188,0.2024,0.0910417947141979,0.2467,0.3836116333075307
479.75583062753196,4,3,5,0.1188,0.2024,0.0910417947141979,0.2467,0.3836116333075307
480.34467083758756,5,4,5,0.1216,0.1073,0.3846035648432698,0.1079,0.1006303217958642
480.5019784789171,5,3,5,0.1216,0.1073,0.3846035648432698,0.1079,0.1006303217958642
480.81683827365555,2,1,4,0.098,0.1,0.06699446834665028,0.1,0.28862103284308305
481.29855267276855,4,1,4,0.1188,0.2024,0.0910417947141979,0.2467,0.3836116333075307
481.4154342605945,4,5,3,0.1188,0.2024,0.0910417947141979,0.2467,0.3836116333075307
481.6569417456358,3,4,2,0.098,0.1,0.06699446834665028,0.1,0.42331084816985515
481.7608995635941,4,3,5,0.1188,0.2024,0.0910417947141979,0.2467,0.3836116333075307
483.0478322776401,2,3,5,0.098,0.1,0.06699446834665028,0.1,0.28862103284308305
486.3563456551134,2,3,5,0.098,0.1,0.06699446834665028,0.1,0.28862103284308305
489.53012482366904,3,5,1,0.098,0.1,0.06699446834665028,0.1,0.42331084816985515
489.8648729260329,3,4,2,0.098,0.1,0.06699446834665028,0.1,0.42331084816985515
490.88552995871606,5,4,4,0.1216,0.1073,0.3846035648432698,0.1079,0.1006303217958642
491.4190904045688,2,3,5,0.098,0.1,0.06699446834665028,0.1,0.28862103284308305
491.67261712059116,2,1,4,0.098,0.1,0.06699446834665028,0.1,0.28862103284308305
491.8538298389485,2,4,5,0.098,0.1,0.06699446834665028,0.1,0.28862103284308305
492.16719651156717,2,1,2,0.098,0.1,0.06699446834665028,0.1,0.28862103284308305
492.6906479129224,2,1,1,0.098,0.1,0.06699446834665028,0.1,0.28862103284308305
496.76563863609584,2,1,4,0.098,0.1,0.06699446834665028,0.1,0.28862103284308305
497.1149675973405,1,5,3,0.4938,0.1388,0.06730178242163491,0.736,0.10273139444874489
497.5481822493005,2,3,5,0.098,0.1,0.06699446834665028,0.1,0.28862103284308305
497.65882429015625,5,4,4,0.1216,0.1073,0.3846035648432698,0.1079,0.1006303217958642
498.0685533676204,2,3,1,0.098,0.1,0.06699446834665028,0.1,0.28862103284308305
498.8540818016782,1,3,5,0.4938,0.1388,0.06730178242163491,0.736,0.10273139444874489
499.0335493433568,3,4,2,0.098,0.1,0.06699446834665028,0.1,0.42331084816985515
499.50927136629065,2,4,5,0.098,0.1,0.06699446834665028,0.1,0.28862103284308305
500.61226544764247,3,4,1,0.098,0.1,0.06699446834665028,0.1,0.42331084816985515
502.28808182439485,4,1,4,0.1188,0.2024,0.0910417947141979,0.2467,0.3836116333075307
504.42999153755846,5,4,5,0.1216,0.1073,0.3846035648432698,0.1079,0.1006303217958642
508.6017949203793,4,3,5,0.1188,0.2024,0.0910417947141979,0.2467,0.3836116333075307
509.1644773500874,2,5,3,0.098,0.1,0.06699446834665028,0.1,0.28862103284308305
509.8092055779179,5,1,4,0.1216,0.1073,0.3846035648432698,0.1079,0.1006303217958642
511.0637406147158,5,4,2,0.1216,0.1073,0.3846035648432698,0.1079,0.1006303217958642
511.7110146650652,2,3,5,0.098,0.1,0.06699446834665028,0.1,0.28862103284308305
512.8985562802488,1,1,2,0.2099,0.3485,0.11224646588813768,0.2341,0.12960300785137677
512.9650353149262,2,3,2,0.098,0.1,0.06699446834665028,0.1,0.28862103284308305
513.4444415239544,1,2,5,0.2099,0.3485,0.11224646588813768,0.2341,0.12960300785137677
513.5831915322791,2,1,2,0.098,0.1,0.06699446834665028,0.1,0.28862103284308305
516.3674133549338,1,4,5,0.2099,0.3485,0.11224646588813768,0.2341,0.12960300785137677
517.5418243149708,5,4,2,0.1216,0.1073,0.3846035648432698,0.1079,0.1006303217958642
517.7442649601583,2,4,5,0.098,0.1,0.06699446834665028,0.1,0.28862103284308305
517.8861670964325,4,3,5,0.1188,0.2024,0.0910417947141979,0.2467,0.3836116333075307
519.0904662482186,4,3,5,0.1188,0.2024,0.0910417947141979,0.2467,0.3836116333075307
519.5952736134768,2,4,5,0.098,0.1,0.06699446834665028,0.1,0.28862103284308305
520.9719049300138,3,1,4,0.098,0.1,0.06699446834665028,0.1,0.42331084816985515
521.9019601314875,2,1,3,0.098,0.1,0.06699446834665028,0.1,0.28862103284308305
522.1167958124091,4,1,4,0.1188,0.2024,0.0910417947141979,0.2467,0.3836116333075307
522.8774962939522,5,1,4,0.1216,0.1073,0.3846035648432698,0.1079,0.1006303217958642
524.9925262239044,2,3,5,0.098,0.1,0.06699446834665028,0.1,0.28862103284308305
525.0122992035842,4,5,3,0.1188,0.2024,0.0910417947141979,0.2467,0.3836116333075307
527.3436886718721,1,4,4,0.2099,0.3485,0.11224646588813768,0.2341,0.12960300785137677
528.0219915015676,2,4,5,0.098,0.1,0.06699446834665028,0.1,0.28862103284308305
528.0530356752121,4,4,2,0.1321,0.2367,0.09561309157959434,0.1903,0.35010505363264405
529.1674308984913,3,1,1,0.098,0.1,0.06699446834665028,0.1,0.42331084816985515
530.4745524852441,4,1,4,0.1321,0.2367,0.09561309157959434,0.1903,0.35010505363264405
530.5026174095254,4,1,4,0.1321,0.2367,0.09561309157959434,0.1903,0.35010505363264405
531.3611635117909,4,3,5,0.1321,0.2367,0.09561309157959434,0.1903,0.35010505363264405
532.1741208862339,4,1,2,0.1321,0.2367,0.09561309157959434,0.1903,0.35010505363264405
533.6488749841503,2,3,5,0.098,0.1,0.06699446834665028,0.1,0.28862103284308305
536.465237170733,2,3,4,0.098,0.1,0.06699446834665028,0.1,0.28862103284308305
537.8270578698472,2,4,5,0.098,0.1,0.06699446834665028,0.1,0.28862103284308305
537.9015108647815,2,1,4,0.098,0.1,0.06699446834665028,0.1,0.28862103284308305
538.4261349170004,5,1,1,0.1216,0.1073,0.3846035648432698,0.1079,0.1006303217958642
539.3656235157149,2,5,1,0.098,0.1,0.06699446834665028,0.1,0.28862103284308305
541.1844486609418,4,1,2,0.1321,0.2367,0.09561309157959434,0.1903,0.35010505363264405
541.3699632516676,3,4,4,0.098,0.1,0.06699446834665028,0.1,0.42331084816985515
542.9850261063184,5,2,5,0.1216,0.1073,0.3846035648432698,0.1079,0.1006303217958642
543.5514918836549,1,1,1,0.6887,0.1807,0.08946681007990166,0.6788,0.114453168196395
546.0792528501967,2,4,5,0.098,0.1,0.06699446834665028,0.1,0.28862103284308305
547.7903922526885,5,4,5,0.1216,0.1073,0.3846035648432698,0.1079,0.1006303217958642
547.824110140981,5,4,5,0.1216,0.1073,0.3846035648432698,0.1079,0.1006303217958642
548.4718572441351,2,4,4,0.098,0.1,0.06699446834665028,0.1,0.28862103284308305
549.1405010378899,2,4,4,0.098,0.1,0.06699446834665028,0.1,0.28862103284308305
549.511780807199,4,1,4,0.1321,0.2367,0.09561309157959434,0.1903,0.35010505363264405
549.7815534076693,4,3,5,0.1321,0.2367,0.09561309157959434,0.1903,0.35010505363264405
550.1653559337652,4,4,1,0.4463,0.1175,0.0686078672403196,0.5677,0.4624571491761584
550.2881981900408,3,5,1,0.098,0.1,0.06699446834665028,0.1,0.42331084816985515
551.8311129586762,4,1,4,0.4463,0.1175,0.0686078672403196,0.5677,0.4624571491761584
552.5988004229624,4,1,4,0.4463,0.1175,0.0686078672403196,0.5677,0.4624571491761584
553.5445510939944,5,4,1,0.1216,0.1073,0.3846035648432698,0.1079,0.1006303217958642
553.9406979888362,5,4,5,0.1216,0.1073,0.3846035648432698,0.1079,0.1006303217958642
554.5763400656847,2,5,3,0.098,0.1,0.06699446834665028,0.1,0.28862103284308305
556.4873658629102,3,1,4,0.098,0.1,0.06699446834665028,0.1,0.42331084816985515
559.8499914763598,2,4,4,0.098,0.1,0.06699446834665028,0.1,0.28862103284308305
559.880929911541,2,1,4,0.098,0.1,0.06699446834665028,0.1,0.28862103284308305
560.5134518155061,4,1,1,0.4463,0.1175,0.0686078672403196,0.5677,0.4624571491761584
562.2757295827569,3,4,1,0.098,0.1,0.06699446834665028,0.1,0.42331084816985515
562.4707928545687,2,3,5,0.098,0.1,0.06699446834665028,0.1,0.28862103284308305
563.1495082044632,3,1,1,0.098,0.1,0.06699446834665028,0.1,0.42331084816985515
563.3622566161969,5,1,1,0.1216,0.1073,0.3846035648432698,0.1079,0.1006303217958642
563.7938041878152,4,1,4,0.4463,0.1175,0.0686078672403196,0.5677,0.4624571491761584
563.897278754725,4,1,1,0.4463,0.1175,0.0686078672403196,0.5677,0.4624571491761584
564.7076659870504,4,1,4,0.4463,0.1175,0.0686078672403196,0.5677,0.4624571491761584
564.8478356658798,3,4,2,0.098,0.1,0.06699446834665028,0.1,0.42331084816985515
567.0928387398428,2,1,4,0.098,0.1,0.06699446834665028,0.1,0.28862103284308305
569.0561768126012,3,4,4,0.098,0.1,0.06699446834665028,0.1,0.42331084816985515
569.5281071075831,3,1,4,0.098,0.1,0.06699446834665028,0.1,0.42331084816985515
570.0539688020544,2,1,1,0.098,0.1,0.06699446834665028,0.1,0.28862103284308305
572.2741008816987,1,1,2,0.2013,0.3569,0.10383374308543332,0.1537,0.1392237089461462
572.8737657216516,2,4,5,0.098,0.1,0.06699446834665028,0.1,0.28862103284308305
573.6798330392963,2,3,5,0.098,0.1,0.06699446834665028,0.1,0.28862103284308305
575.6373664859357,1,3,5,0.2013,0.3569,0.10383374308543332,0.1537,0.1392237089461462
575.8302647414009,3,1,1,0.098,0.1,0.06699446834665028,0.1,0.42331084816985515
576.4877267182293,5,4,4,0.1216,0.1073,0.3846035648432698,0.1079,0.1006303217958642
576.8525171314121,3,4,5,0.098,0.1,0.06699446834665028,0.1,0.42331084816985515
577.0692724674569,3,4,5,0.098,0.1,0.06699446834665028,0.1,0.42331084816985515
577.6301166444107,2,3,5,0.098,0.1,0.06699446834665028,0.1,0.28862103284308305
579.1685614733482,5,3,5,0.1216,0.1073,0.3846035648432698,0.1079,0.1006303217958642
579.8004189392827,2,4,4,0.098,0.1,0.06699446834665028,0.1,0.28862103284308305
579.9510219702756,1,4,1,0.2013,0.3569,0.10383374308543332,0.1537,0.1392237089461462
580.7685761847738,1,4,5,0.2013,0.3569,0.10383374308543332,0.1537,0.1392237089461462
581.0817276599352,3,5,4,0.098,0.1,0.06699446834665028,0.1,0.42331084816985515
581.8717175259223,3,4,5,0.098,0.1,0.06699446834665028,0.1,0.42331084816985515
582.1729378204806,1,3,5,0.2013,0.3569,0.10383374308543332,0.1537,0.1392237089461462
585.5559587665543,3,1,3,0.098,0.1,0.06699446834665028,0.1,0.42331084816985515
586.426519690803,2,4,5,0.098,0.1,0.06699446834665028,0.1,0.28862103284308305
586.6148294506967,2,3,1,0.098,0.1,0.06699446834665028,0.1,0.28862103284308305
590.6588743349101,5,3,5,0.1216,0.1073,0.3846035648432698,0.1079,0.1006303217958642
590.8170450190521,2,3,5,0.098,0.1,0.06699446834665028,0.1,0.28862103284308305
591.4503484026769,4,5,3,0.4463,0.1175,0.0686078672403196,0.5677,0.4624571491761584
591.5347032256392,2,4,1,0.098,0.1,0.06699446834665028,0.1,0.28862103284308305
592.9386920664662,4,1,2,0.4463,0.1175,0.0686078672403196,0.5677,0.4624571491761584
594.1000466111948,1,4,1,0.2013,0.3569,0.10383374308543332,0.1537,0.1392237089461462
594.2657994469356,1,1,2,0.1714,0.3617,0.10821296865396435,0.1391,0.11965055844299458
595.2702247202419,3,4,5,0.098,0.1,0.06699446834665028,0.1,0.42331084816985515
595.378337722245,3,4,4,0.098,0.1,0.06699446834665028,0.1,0.42331084816985515
596.3063982833046,1,4,4,0.1714,0.3617,0.10821296865396435,0.1391,0.11965055844299458
597.4189217218271,2,5,3,0.098,0.1,0.06699446834665028,0.1,0.28862103284308305
598.2966111051729,4,1,3,0.4463,0.1175,0.0686078672403196,0.5677,0.4624571491761584
598.6927612061612,1,2,5,0.1714,0.3617,0.10821296865396435,0.1391,0.11965055844299458
598.8009369675736,3,4,5,0.098,0.1,0.06699446834665028,0.1,0.42331084816985515
599.1297757635132,1,4,1,0.1714,0.3617,0.10821296865396435,0.1391,0.11965055844299458
600.0390916766913,2,4,1,0.098,0.1,0.06699446834665028,0.1,0.28862103284308305
600.3251110641799,3,4,4,0.098,0.1,0.06699446834665028,0.1,0.42331084816985515
600.866689508441,3,4,5,0.098,0.1,0.06699446834665028,0.1,0.42331084816985515
602.1820751665048,1,2,5,0.1714,0.3617,0.10821296865396435,0.1391,0.11965055844299458
604.3647540593604,1,4,4,0.1714,0.3617,0.10821296865396435,0.1391,0.11965055844299458
605.3768151588206,3,4,5,0.098,0.1,0.06699446834665028,0.1,0.42331084816985515
605.9245159616095,3,4,5,0.098,0.1,0.06699446834665028,0.1,0.42331084816985515
606.1065998275188,5,2,5,0.1216,0.1073,0.3846035648432698,0.1079,0.1006303217958642
606.6014682983927,5,5,3,0.1213,0.1077,0.39048094652735094,0.1102,0.09675992480371558
606.6459599166675,2,5,3,0.098,0.1,0.06699446834665028,0.1,0.28862103284308305
607.1173184156459,5,3,5,0.1213,0.1077,0.39048094652735094,0.1102,0.09675992480371558
608.6689540458112,2,4,5,0.098,0.1,0.06699446834665028,0.1,0.28862103284308305
610.368047199285,2,4,5,0.098,0.1,0.06699446834665028,0.1,0.28862103284308305
610.6310920336842,2,1,2,0.098,0.1,0.06699446834665028,0.1,0.28862103284308305
610.9973441507684,2,4,4,0.098,0.1,0.06699446834665028,0.1,0.28862103284308305
612.4996974140738,3,1,2,0.098,0.1,0.06699446834665028,0.1,0.42331084816985515
615.5258012349004,2,4,4,0.098,0.1,0.06699446834665028,0.1,0.28862103284308305
620.4159060102713,3,4,5,0.098,0.1,0.06699446834665028,0.1,0.42331084816985515
620.4453763807672,1,4,1,0.1714,0.3617,0.10821296865396435,0.1391,0.11965055844299458
625.0204371347893,2,4,5,0.098,0.1,0.06699446834665028,0.1,0.28862103284308305
625.9452148783614,4,1,2,0.4463,0.1175,0.0686078672403196,0.5677,0.4624571491761584
626.6763093310655,2,3,5,0.098,0.1,0.06699446834665028,0.1,0.28862103284308305
628.2522525976236,3,4,5,0.098,0.1,0.06699446834665028,0.1,0.42331084816985515
629.5227872723366,5,1,2,0.1213,0.1077,0.39048094652735094,0.1102,0.09675992480371558
630.0468783430218,5,4,1,0.1213,0.1077,0.39048094652735094,0.1102,0.09675992480371558
630.486883889154,5,3,2,0.1213,0.1077,0.39048094652735094,0.1102,0.09675992480371558
631.3589675979487,2,4,5,0.098,0.1,0.06699446834665028,0.1,0.28862103284308305
631.9086286173739,3,4,4,0.098,0.1,0.06699446834665028,0.1,0.42331084816985515
635.4312654763495,2,5,3,0.098,0.1,0.06699446834665028,0.1,0.28862103284308305
637.4132078613875,3,4,5,0.098,0.1,0.06699446834665028,0.1,0.42331084816985515
638.2199965629666,2,4,1,0.098,0.1,0.06699446834665028,0.1,0.28862103284308305
638.2947187244162,1,4,4,0.1714,0.3617,0.10821296865396435,0.1391,0.11965055844299458
638.8046902868055,3,5,3,0.098,0.1,0.06699446834665028,0.1,0.42331084816985515
639.1724262370706,2,4,5,0.098,0.1,0.06699446834665028,0.1,0.28862103284308305
642.851559798373,1,1,2,0.1844,0.3674,0.10844345421020282,0.1461,0.1299347561649895
643.4838279777044,5,4,1,0.1213,0.1077,0.39048094652735094,0.1102,0.09675992480371558
645.3776612426333,2,1,2,0.098,0.1,0.06699446834665028,0.1,0.28862103284308305
647.1076827428287,1,4,5,0.1844,0.3674,0.10844345421020282,0.1461,0.1299347561649895
647.6478001589867,2,1,4,0.098,0.1,0.06699446834665028,0.1,0.28862103284308305
648.5072390366024,1,4,4,0.1844,0.3674,0.10844345421020282,0.1461,0.1299347561649895
648.7059065887701,2,3,5,0.098,0.1,0.06699446834665028,0.1,0.28862103284308305
649.80893262513,5,4,1,0.1213,0.1077,0.39048094652735094,0.1102,0.09675992480371558
650.2335567684302,1,4,5,0.1844,0.3674,0.10844345421020282,0.1461,0.1299347561649895
651.5555596926765,1,3,5,0.1844,0.3674,0.10844345421020282,0.1461,0.1299347561649895
652.3517154020199,5,4,1,0.1213,0.1077,0.39048094652735094,0.1102,0.09675992480371558
654.9055565642748,3,5,3,0.098,0.1,0.06699446834665028,0.1,0.42331084816985515
654.9361786296946,5,5,3,0.1179,0.1057,0.4031960663798402,0.0933,0.09875041468539202
656.1911298042787,5,3,4,0.1179,0.1057,0.4031960663798402,0.0933,0.09875041468539202
657.9739784788896,2,4,5,0.098,0.1,0.06699446834665028,0.1,0.28862103284308305
658.2946369746622,3,4,1,0.098,0.1,0.06699446834665028,0.1,0.42331084816985515
658.6341777226766,1,2,5,0.1844,0.3674,0.10844345421020282,0.1461,0.1299347561649895
659.0365587839358,5,3,5,0.1179,0.1057,0.4031960663798402,0.0933,0.09875041468539202
660.9153368896646,2,1,2,0.098,0.1,0.06699446834665028,0.1,0.28862103284308305
661.6904383586725,3,5,4,0.098,0.1,0.06699446834665028,0.1,0.42331084816985515
661.8220347597102,1,4,1,0.1844,0.3674,0.10844345421020282,0.1461,0.1299347561649895
662.4385137408757,5,4,1,0.1179,0.1057,0.4031960663798402,0.0933,0.09875041468539202
663.2549128271513,3,5,2,0.098,0.1,0.06699446834665028,0.1,0.42331084816985515
664.2335053756032,4,5,3,0.4463,0.1175,0.0686078672403196,0.5677,0.4624571491761584
665.7782722985269,5,5,3,0.1053,0.101,0.4008143822987093,0.1033,0.09532234877806038
666.4367563559732,2,1,1,0.098,0.1,0.06699446834665028,0.1,0.28862103284308305
666.8686418041729,2,1,2,0.098,0.1,0.06699446834665028,0.1,0.28862103284308305
667.1892856050874,4,2,2,0.4463,0.1175,0.0686078672403196,0.5677,0.4624571491761584
667.5677974067305,2,1,2,0.098,0.1,0.06699446834665028,0.1,0.28862103284308305
669.3747398575189,5,1,4,0.1053,0.101,0.4008143822987093,0.1033,0.09532234877806038
669.7417052837023,4,4,4,0.3306,0.135,0.07206515058389674,0.6998,0.404843525378746
670.4590979628147,2,1,2,0.098,0.1,0.06699446834665028,0.1,0.28862103284308305
670.6293993206879,1,3,5,0.1844,0.3674,0.10844345421020282,0.1461,0.1299347561649895
671.0282662401889,4,3,5,0.3306,0.135,0.07206515058389674,0.6998,0.404843525378746
672.1595856267649,4,4,1,0.5731,0.1209,0.0699139520590043,0.6361,0.41855578900807255
673.7539723813461,4,3,5,0.5731,0.1209,0.0699139520590043,0.6361,0.41855578900807255
673.7580603929212,3,4,4,0.098,0.1,0.06699446834665028,0.1,0.42331084816985515
674.2713492046703,3,5,1,0.098,0.1,0.06699446834665028,0.1,0.42331084816985515
674.4234525512308,2,1,2,0.098,0.1,0.06699446834665028,0.1,0.28862103284308305
674.467612674009,2,1,1,0.098,0.1,0.06699446834665028,0.1,0.28862103284308305
675.0580266352276,3,2,3,0.098,0.1,0.06699446834665028,0.1,0.42331084816985515
675.3505845861706,2,4,5,0.098,0.1,0.06699446834665028,0.1,0.28862103284308305
677.5760517061319,1,2,5,0.1844,0.3674,0.10844345421020282,0.1461,0.1299347561649895
678.4116146055578,1,5,3,0.1844,0.3674,0.10844345421020282,0.1461,0.1299347561649895
679.8477452535483,2,4,5,0.098,0.1,0.06699446834665028,0.1,0.28862103284308305
680.5736578213849,1,5,3,0.1844,0.3674,0.10844345421020282,0.1461,0.1299347561649895
680.9456578544147,1,4,4,0.1844,0.3674,0.10844345421020282,0.1461,0.1299347561649895
681.2548277981413,1,3,5,0.1844,0.3674,0.10844345421020282,0.1461,0.1299347561649895
681.8353857955923,1,4,4,0.1844,0.3674,0.10844345421020282,0.1461,0.1299347561649895
682.129682092097,5,4,1,0.1053,0.101,0.4008143822987093,0.1033,0.09532234877806038
682.1880569974645,4,3,5,0.5731,0.1209,0.0699139520590043,0.6361,0.41855578900807255
682.2271716110424,4,4,4,0.4155,0.142,0.07421634910878919,0.7291,0.38571270596041135
684.6014837868427,4,4,1,0.6521,0.1258,0.07098955132145052,0.6488,0.434922039146301
685.2386321601119,2,4,5,0.098,0.1,0.06699446834665028,0.1,0.28862103284308305
685.6467850567275,2,3,5,0.098,0.1,0.06699446834665028,0.1,0.28862103284308305
686.4387236228868,1,4,1,0.1844,0.3674,0.10844345421020282,0.1461,0.1299347561649895
686.8079454319815,5,4,4,0.1053,0.101,0.4008143822987093,0.1033,0.09532234877806038
689.1670844153479,5,4,5,0.1053,0.101,0.4008143822987093,0.1033,0.09532234877806038
689.6040244562137,2,4,5,0.098,0.1,0.06699446834665028,0.1,0.28862103284308305
689.9307893592843,2,4,1,0.098,0.1,0.06699446834665028,0.1,0.28862103284308305
690.0855705445118,3,4,1,0.098,0.1,0.06699446834665028,0.1,0.42331084816985515
690.1142169636508,2,3,5,0.098,0.1,0.06699446834665028,0.1,0.28862103284308305
691.1905393195151,5,4,4,0.1053,0.101,0.4008143822987093,0.1033,0.09532234877806038
691.3043170049564,5,2,5,0.1053,0.101,0.4008143822987093,0.1033,0.09532234877806038
699.5678671989793,1,5,3,0.1844,0.3674,0.10844345421020282,0.1461,0.1299347561649895
699.5909454424819,1,4,1,0.1844,0.3674,0.10844345421020282,0.1461,0.1299347561649895
700.0132425663414,5,1,2,0.1053,0.101,0.4008143822987093,0.1033,0.09532234877806038
701.4154528363646,5,4,4,0.1053,0.101,0.4008143822987093,0.1033,0.09532234877806038
702.2753598641634,2,4,1,0.098,0.1,0.06699446834665028,0.1,0.28862103284308305
704.3592686728917,2,4,2,0.098,0.1,0.06699446834665028,0.1,0.28862103284308305
704.9903595813739,3,4,1,0.098,0.1,0.06699446834665028,0.1,0.42331084816985515
705.1825939053055,2,3,1,0.098,0.1,0.06699446834665028,0.1,0.28862103284308305
709.6659458194622,3,4,4,0.098,0.1,0.06699446834665028,0.1,0.42331084816985515
709.9762994539668,5,3,5,0.1053,0.101,0.4008143822987093,0.1033,0.09532234877806038
710.162787222377,2,4,4,0.098,0.1,0.06699446834665028,0.1,0.28862103284308305
710.7770961364481,5,4,4,0.1053,0.101,0.4008143822987093,0.1033,0.09532234877806038
711.0442836356574,1,5,3,0.1844,0.3674,0.10844345421020282,0.1461,0.1299347561649895
711.7828247761712,5,4,4,0.1053,0.101,0.4008143822987093,0.1033,0.09532234877806038
712.3826418601235,5,1,2,0.1053,0.101,0.4008143822987093,0.1033,0.09532234877806038
714.5079718655481,2,4,5,0.098,0.1,0.06699446834665028,0.1,0.28862103284308305
715.2493616145396,5,1,2,0.1053,0.101,0.4008143822987093,0.1033,0.09532234877806038
715.2749205371913,1,1,2,0.1336,0.3745,0.10909649661954518,0.1517,0.12794426628331307
716.2647647701561,2,4,4,0.098,0.1,0.06699446834665028,0.1,0.28862103284308305
717.4606083262076,2,4,5,0.098,0.1,0.06699446834665028,0.1,0.28862103284308305
718.1510834838016,2,1,2,0.098,0.1,0.06699446834665028,0.1,0.28862103284308305
720.2663453138066,3,4,2,0.098,0.1,0.06699446834665028,0.1,0.42331084816985515
721.2673381345656,5,4,2,0.1053,0.101,0.4008143822987093,0.1033,0.09532234877806038
721.4141820509475,1,4,4,0.1336,0.3745,0.10909649661954518,0.1517,0.12794426628331307
721.5058398213339,5,2,5,0.1053,0.101,0.4008143822987093,0.1033,0.09532234877806038
722.322314093531,5,3,2,0.1053,0.101,0.4008143822987093,0.1033,0.09532234877806038
722.7823263550972,3,1,4,0.098,0.1,0.06699446834665028,0.1,0.42331084816985515
724.1965065638929,1,3,5,0.1336,0.3745,0.10909649661954518,0.1517,0.12794426628331307
727.305481120469,2,3,5,0.098,0.1,0.06699446834665028,0.1,0.28862103284308305
727.4262218975473,1,4,5,0.1336,0.3745,0.10909649661954518,0.1517,0.12794426628331307
727.5898738964432,3,4,5,0.098,0.1,0.06699446834665028,0.1,0.42331084816985515
728.9413083772549,2,4,1,0.098,0.1,0.06699446834665028,0.1,0.28862103284308305
730.731399746837,1,4,4,0.1336,0.3745,0.10909649661954518,0.1517,0.12794426628331307
734.3377359081838,1,4,1,0.1336,0.3745,0.10909649661954518,0.1517,0.12794426628331307
735.9079725794569,1,4,1,0.1336,0.3745,0.10909649661954518,0.1517,0.12794426628331307
736.163635016769,3,4,4,0.098,0.1,0.06699446834665028,0.1,0.42331084816985515
737.1470582502342,1,4,4,0.1336,0.3745,0.10909649661954518,0.1517,0.12794426628331307
738.0394350654843,2,3,5,0.098,0.1,0.06699446834665028,0.1,0.28862103284308305
739.2049780713139,5,1,5,0.1053,0.101,0.4008143822987093,0.1033,0.09532234877806038
739.2319329956348,3,4,3,0.098,0.1,0.06699446834665028,0.1,0.42331084816985515
739.2892577904596,3,4,4,0.098,0.1,0.06699446834665028,0.1,0.42331084816985515
739.8332301976227,2,3,5,0.098,0.1,0.06699446834665028,0.1,0.28862103284308305
740.7166574024432,1,4,4,0.1336,0.3745,0.10909649661954518,0.1517,0.12794426628331307
742.7726156230087,1,4,1,0.1336,0.3745,0.10909649661954518,0.1517,0.12794426628331307
743.3460274286907,3,4,1,0.098,0.1,0.06699446834665028,0.1,0.42331084816985515
744.7309331376673,3,5,3,0.098,0.1,0.06699446834665028,0.1,0.42331084816985515
744.9184703463084,2,4,4,0.098,0.1,0.06699446834665028,0.1,0.28862103284308305
750.3496124333257,1,4,4,0.1336,0.3745,0.10909649661954518,0.1517,0.12794426628331307
754.0428731699021,3,4,1,0.098,0.1,0.06699446834665028,0.1,0.42331084816985515
755.118637819827,2,5,3,0.098,0.1,0.06699446834665028,0.1,0.28862103284308305
755.7204806652535,5,4,4,0.1053,0.101,0.4008143822987093,0.1033,0.09532234877806038
755.7859422726341,3,1,1,0.098,0.1,0.06699446834665028,0.1,0.42331084816985515
757.390846760538,3,4,5,0.098,0.1,0.06699446834665028,0.1,0.42331084816985515
758.2691208251628,1,4,4,0.1336,0.3745,0.10909649661954518,0.1517,0.12794426628331307
759.3620247589199,2,4,5,0.098,0.1,0.06699446834665028,0.1,0.28862103284308305
761.3427883989402,5,4,1,0.1053,0.101,0.4008143822987093,0.1033,0.09532234877806038
761.4214175026623,4,4,4,0.4809,0.1536,0.07463890596189306,0.7366,0.38726086475727084
763.613491559361,1,2,5,0.1336,0.3745,0.10909649661954518,0.1517,0.12794426628331307
765.2566843983896,5,1,2,0.1053,0.101,0.4008143822987093,0.1033,0.09532234877806038
765.5436326293693,2,5,3,0.098,0.1,0.06699446834665028,0.1,0.28862103284308305
767.1110862379389,2,4,4,0.098,0.1,0.06699446834665028,0.1,0.28862103284308305
768.3098161681771,3,4,4,0.098,0.1,0.06699446834665028,0.1,0.42331084816985515
769.3545653661479,4,1,3,0.4809,0.1536,0.07463890596189306,0.7366,0.38726086475727084
770.4164377723165,1,2,5,0.1336,0.3745,0.10909649661954518,0.1517,0.12794426628331307
773.9458876146873,4,4,1,0.7136,0.1344,0.07221880762138906,0.6797,0.4087139223708946
773.9856967779615,2,4,1,0.098,0.1,0.06699446834665028,0.1,0.28862103284308305
774.5554764851565,2,4,4,0.098,0.1,0.06699446834665028,0.1,0.28862103284308305
775.4106879009752,1,4,1,0.1336,0.3745,0.10909649661954518,0.1517,0.12794426628331307
776.7055056449818,2,3,4,0.098,0.1,0.06699446834665028,0.1,0.28862103284308305
778.8934922399995,2,1,2,0.098,0.1,0.06699446834665028,0.1,0.28862103284308305
779.1329979293931,2,4,1,0.098,0.1,0.06699446834665028,0.1,0.28862103284308305
781.1795705939196,1,4,1,0.1336,0.3745,0.10909649661954518,0.1517,0.12794426628331307
784.8639973811748,1,4,4,0.1336,0.3745,0.10909649661954518,0.1517,0.12794426628331307
785.2567991987651,5,5,3,0.1164,0.0956,0.4174477566072526,0.0997,0.08924029636182683
786.2492198552955,2,1,2,0.098,0.1,0.06699446834665028,0.1,0.28862103284308305
787.3983500248826,5,3,5,0.1164,0.0956,0.4174477566072526,0.0997,0.08924029636182683
788.6301193775372,3,4,1,0.098,0.1,0.06699446834665028,0.1,0.42331084816985515
789.652096179758,1,4,4,0.1336,0.3745,0.10909649661954518,0.1517,0.12794426628331307
790.9397877643459,5,4,1,0.1164,0.0956,0.4174477566072526,0.0997,0.08924029636182683
790.974596979805,2,3,5,0.098,0.1,0.06699446834665028,0.1,0.28862103284308305
795.0510027280485,5,1,1,0.1164,0.0956,0.4174477566072526,0.0997,0.08924029636182683
795.9683033820753,1,4,5,0.1336,0.3745,0.10909649661954518,0.1517,0.12794426628331307
799.707280019702,2,5,3,0.098,0.1,0.06699446834665028,0.1,0.28862103284308305
800.4313493873631,4,3,5,0.7136,0.1344,0.07221880762138906,0.6797,0.4087139223708946
801.270031279708,4,4,4,0.5671,0.1604,0.07490780577750461,0.7496,0.39865089019130817
803.5678112247814,3,4,4,0.098,0.1,0.06699446834665028,0.1,0.42331084816985515
803.7564341482623,2,4,1,0.098,0.1,0.06699446834665028,0.1,0.28862103284308305
803.8636826598298,5,4,2,0.1164,0.0956,0.4174477566072526,0.0997,0.08924029636182683
804.3744517927408,5,4,1,0.1164,0.0956,0.4174477566072526,0.0997,0.08924029636182683
804.4769999006169,2,4,5,0.098,0.1,0.06699446834665028,0.1,0.28862103284308305
804.7235688677164,5,4,4,0.1164,0.0956,0.4174477566072526,0.0997,0.08924029636182683
805.0893877181951,2,3,5,0.098,0.1,0.06699446834665028,0.1,0.28862103284308305
806.7072847260027,4,3,5,0.5671,0.1604,0.07490780577750461,0.7496,0.39865089019130817
807.1666129846125,4,5,3,0.5671,0.1604,0.07490780577750461,0.7496,0.39865089019130817
807.3959420835085,3,4,2,0.098,0.1,0.06699446834665028,0.1,0.42331084816985515
808.365816790422,1,4,5,0.1336,0.3745,0.10909649661954518,0.1517,0.12794426628331307
809.8594232074526,5,1,2,0.1164,0.0956,0.4174477566072526,0.0997,0.08924029636182683
810.539705337116,5,4,2,0.1164,0.0956,0.4174477566072526,0.0997,0.08924029636182683
811.8617263933755,2,3,5,0.098,0.1,0.06699446834665028,0.1,0.28862103284308305
812.56060480183,4,3,5,0.5671,0.1604,0.07490780577750461,0.7496,0.39865089019130817
814.8000011908326,4,3,5,0.5671,0.1604,0.07490780577750461,0.7496,0.39865089019130817
815.6314164483285,4,1,3,0.5671,0.1604,0.07490780577750461,0.7496,0.39865089019130817
816.6958609427941,2,1,2,0.098,0.1,0.06699446834665028,0.1,0.28862103284308305
817.752510088848,1,4,4,0.1336,0.3745,0.10909649661954518,0.1517,0.12794426628331307
818.7101130691156,3,1,2,0.098,0.1,0.06699446834665028,0.1,0.42331084816985515
821.420004464057,2,4,5,0.098,0.1,0.06699446834665028,0.1,0.28862103284308305
821.7364320725771,2,3,5,0.098,0.1,0.06699446834665028,0.1,0.28862103284308305
823.1841895679814,5,4,1,0.1164,0.0956,0.4174477566072526,0.0997,0.08924029636182683
823.2588200033298,1,4,4,0.1336,0.3745,0.10909649661954518,0.1517,0.12794426628331307
823.4549721460398,4,4,1,0.7588,0.1372,0.07187307928703135,0.6775,0.4050646909211545
823.5770342948657,1,4,4,0.1336,0.3745,0.10909649661954518,0.1517,0.12794426628331307
823.6654354611148,5,1,2,0.1164,0.0956,0.4174477566072526,0.0997,0.08924029636182683
824.9883161404813,1,5,3,0.1336,0.3745,0.10909649661954518,0.1517,0.12794426628331307
825.1756183676879,5,4,1,0.1164,0.0956,0.4174477566072526,0.0997,0.08924029636182683
825.489610937215,1,4,5,0.1336,0.3745,0.10909649661954518,0.1517,0.12794426628331307
826.0070715552458,3,1,2,0.098,0.1,0.06699446834665028,0.1,0.42331084816985515
827.4019532061442,2,4,1,0.098,0.1,0.06699446834665028,0.1,0.28862103284308305
831.0427187763175,1,2,5,0.1336,0.3745,0.10909649661954518,0.1517,0.12794426628331307
831.0441347211569,3,1,4,0.098,0.1,0.06699446834665028,0.1,0.42331084816985515
831.9806494240502,3,4,1,0.098,0.1,0.06699446834665028,0.1,0.42331084816985515
832.6625356199754,2,4,1,0.098,0.1,0.06699446834665028,0.1,0.28862103284308305
835.0288665308818,1,5,1,0.1336,0.3745,0.10909649661954518,0.1517,0.12794426628331307
835.7808064167275,2,4,5,0.098,0.1,0.06699446834665028,0.1,0.28862103284308305
836.6489503365963,2,3,1,0.098,0.1,0.06699446834665028,0.1,0.28862103284308305
836.7444168972512,1,2,5,0.1336,0.3745,0.10909649661954518,0.1517,0.12794426628331307
836.9804211862925,2,4,1,0.098,0.1,0.06699446834665028,0.1,0.28862103284308305
841.1224629745411,2,4,1,0.098,0.1,0.06699446834665028,0.1,0.28862103284308305
841.8264957856516,1,4,4,0.1336,0.3745,0.10909649661954518,0.1517,0.12794426628331307
842.214664137789,4,5,3,0.7588,0.1372,0.07187307928703135,0.6775,0.4050646909211545
842.4594702420511,1,4,1,0.1336,0.3745,0.10909649661954518,0.1517,0.12794426628331307
843.8855705711157,5,4,4,0.1164,0.0956,0.4174477566072526,0.0997,0.08924029636182683
844.0693498048932,3,4,1,0.098,0.1,0.06699446834665028,0.1,0.42331084816985515
844.1944486300325,5,4,1,0.1164,0.0956,0.4174477566072526,0.0997,0.08924029636182683
844.7532576778177,1,2,5,0.1336,0.3745,0.10909649661954518,0.1517,0.12794426628331307
846.1666023667055,5,5,3,0.0643,0.0956,0.43519514443761526,0.0933,0.10593829481366802
850.7588955034234,1,5,3,0.1336,0.3745,0.10909649661954518,0.1517,0.12794426628331307
852.5362990159884,5,1,2,0.0643,0.0956,0.43519514443761526,0.0933,0.10593829481366802
852.8072886957785,3,1,1,0.098,0.1,0.06699446834665028,0.1,0.42331084816985515
853.3670767429422,5,4,2,0.0643,0.0956,0.43519514443761526,0.0933,0.10593829481366802
855.7131000981116,5,4,5,0.0643,0.0956,0.43519514443761526,0.0933,0.10593829481366802
856.1140930194366,1,4,1,0.1336,0.3745,0.10909649661954518,0.1517,0.12794426628331307
856.723167238993,1,1,2,0.1867,0.3758,0.10517824216349109,0.2038,0.13601680858122306
857.3965077091461,4,3,5,0.7588,0.1372,0.07187307928703135,0.6775,0.4050646909211545
858.1949672020461,3,4,2,0.098,0.1,0.06699446834665028,0.1,0.42331084816985515
859.6102425332815,1,4,1,0.1867,0.3758,0.10517824216349109,0.2038,0.13601680858122306
859.8661409136871,4,3,5,0.7588,0.1372,0.07187307928703135,0.6775,0.4050646909211545
861.7076109017478,5,2,5,0.0643,0.0956,0.43519514443761526,0.0933,0.10593829481366802
862.3088535246609,2,1,4,0.098,0.1,0.06699446834665028,0.1,0.28862103284308305
864.8052853265979,2,3,5,0.098,0.1,0.06699446834665028,0.1,0.28862103284308305
865.8087134553817,3,3,3,0.1849,0.1295,0.1407882606023356,0.1907,0.0684507353754285
866.183318544275,1,4,1,0.1867,0.3758,0.10517824216349109,0.2038,0.13601680858122306
868.3362694965872,2,4,4,0.098,0.1,0.06699446834665028,0.1,0.28862103284308305
868.6316588915895,1,4,4,0.1867,0.3758,0.10517824216349109,0.2038,0.13601680858122306
868.9199329534523,1,4,4,0.1867,0.3758,0.10517824216349109,0.2038,0.13601680858122306
869.1771791854494,2,3,1,0.098,0.1,0.06699446834665028,0.1,0.28862103284308305
870.4302521552186,3,4,4,0.1849,0.1295,0.1407882606023356,0.1907,0.0684507353754285
870.9213779699951,1,4,4,0.1867,0.3758,0.10517824216349109,0.2038,0.13601680858122306
871.0634104582157,2,3,4,0.098,0.1,0.06699446834665028,0.1,0.28862103284308305
872.0059232127395,3,3,3,0.411,0.1905,0.16218500307314074,0.1744,0.0017693243392679422
872.1975524754758,1,4,1,0.1867,0.3758,0.10517824216349109,0.2038,0.13601680858122306
874.213107236694,1,4,1,0.1867,0.3758,0.10517824216349109,0.2038,0.13601680858122306
877.0861847589963,3,4,1,0.411,0.1905,0.16218500307314074,0.1744,0.0017693243392679422
877.3510744597107,1,4,4,0.1867,0.3758,0.10517824216349109,0.2038,0.13601680858122306
878.1181891546372,1,4,4,0.1867,0.3758,0.10517824216349109,0.2038,0.13601680858122306
881.3646460502505,3,3,5,0.098,0.1,0.06699446834665028,0.1,0.6127391352427292
881.4610188615014,5,2,4,0.0643,0.0956,0.43519514443761526,0.0933,0.10593829481366802
881.4850125626014,2,4,5,0.098,0.1,0.06699446834665028,0.1,0.28862103284308305
883.0291728385525,2,3,5,0.098,0.1,0.06699446834665028,0.1,0.28862103284308305
884.9621194031629,3,4,4,0.098,0.1,0.06699446834665028,0.1,0.6127391352427292
885.5290087094882,1,5,3,0.1867,0.3758,0.10517824216349109,0.2038,0.13601680858122306
886.5627642403783,2,4,1,0.098,0.1,0.06699446834665028,0.1,0.28862103284308305
887.0714533134562,2,4,4,0.098,0.1,0.06699446834665028,0.1,0.28862103284308305
888.885660459413,2,4,1,0.098,0.1,0.06699446834665028,0.1,0.28862103284308305
889.7686190781174,3,4,1,0.098,0.1,0.06699446834665028,0.1,0.6127391352427292
890.8846712106844,2,1,4,0.098,0.1,0.06699446834665028,0.1,0.28862103284308305
893.9797684782366,5,4,1,0.0643,0.0956,0.43519514443761526,0.0933,0.10593829481366802
894.2418147750532,1,4,1,0.1867,0.3758,0.10517824216349109,0.2038,0.13601680858122306
894.5785522865359,4,3,5,0.7588,0.1372,0.07187307928703135,0.6775,0.4050646909211545
895.5125000411854,1,3,5,0.1867,0.3758,0.10517824216349109,0.2038,0.13601680858122306
897.1635291033178,1,4,5,0.1867,0.3758,0.10517824216349109,0.2038,0.13601680858122306
898.1089787379864,3,3,5,0.098,0.1,0.06699446834665028,0.1,0.612186221386708
898.3090714932546,3,2,4,0.098,0.1,0.06699446834665028,0.1,0.612186221386708
900.1799339203907,1,3,5,0.1867,0.3758,0.10517824216349109,0.2038,0.13601680858122306
900.542976712936,3,1,2,0.098,0.1,0.06699446834665028,0.1,0.612186221386708
901.0250505033562,1,4,5,0.1867,0.3758,0.10517824216349109,0.2038,0.13601680858122306
901.4038548495325,1,4,1,0.1867,0.3758,0.10517824216349109,0.2038,0.13601680858122306
901.6224318784043,2,4,5,0.098,0.1,0.06699446834665028,0.1,0.28862103284308305
904.2885708914704,2,3,5,0.098,0.1,0.06699446834665028,0.1,0.28862103284308305
904.5721521538356,4,3,5,0.7588,0.1372,0.07187307928703135,0.6775,0.4050646909211545
905.0533687297941,4,4,2,0.2496,0.2885,0.10133681622618317,0.2592,0.18887537321685283
905.1708450875118,3,1,2,0.098,0.1,0.06699446834665028,0.1,0.612186221386708
905.7789810275826,2,3,5,0.098,0.1,0.06699446834665028,0.1,0.28862103284308305
906.271310202845,2,5,3,0.098,0.1,0.06699446834665028,0.1,0.28862103284308305
906.4392564660085,5,1,2,0.0643,0.0956,0.43519514443761526,0.0933,0.10593829481366802
907.7953785293698,3,4,2,0.098,0.1,0.06699446834665028,0.1,0.612186221386708
911.8100608101942,1,3,5,0.1867,0.3758,0.10517824216349109,0.2038,0.13601680858122306
911.9477471323584,2,4,4,0.098,0.1,0.06699446834665028,0.1,0.28862103284308305
912.8535686467641,2,4,4,0.098,0.1,0.06699446834665028,0.1,0.28862103284308305
912.8549141573809,5,2,5,0.0643,0.0956,0.43519514443761526,0.0933,0.10593829481366802
913.4898628969751,1,3,5,0.1867,0.3758,0.10517824216349109,0.2038,0.13601680858122306
918.3949218149392,4,3,5,0.2496,0.2885,0.10133681622618317,0.2592,0.18887537321685283
918.9054459713776,3,3,3,0.1677,0.1219,0.1672940995697603,0.1426,0.09333185889638394
920.4673790395747,4,4,4,0.6347,0.16,0.07567609096496619,0.7625,0.3310848169855137
921.469373344062,1,4,4,0.1867,0.3758,0.10517824216349109,0.2038,0.13601680858122306
921.5668884173441,5,2,2,0.0643,0.0956,0.43519514443761526,0.0933,0.10593829481366802
922.493950688571,2,4,5,0.098,0.1,0.06699446834665028,0.1,0.28862103284308305
923.1981253639409,1,2,5,0.1867,0.3758,0.10517824216349109,0.2038,0.13601680858122306
923.2591066886662,3,5,3,0.1677,0.1219,0.1672940995697603,0.1426,0.09333185889638394
923.729630602765,2,4,4,0.098,0.1,0.06699446834665028,0.1,0.28862103284308305
923.8944707523559,1,5,3,0.1867,0.3758,0.10517824216349109,0.2038,0.13601680858122306
924.2735676026145,4,1,2,0.6347,0.16,0.07567609096496619,0.7625,0.3310848169855137
925.1165307437459,1,4,5,0.1867,0.3758,0.10517824216349109,0.2038,0.13601680858122306
925.5420765603403,3,1,4,0.1677,0.1219,0.1672940995697603,0.1426,0.09333185889638394
925.7249841518452,3,4,1,0.1677,0.1219,0.1672940995697603,0.1426,0.09333185889638394
926.9838583356697,1,4,1,0.1867,0.3758,0.10517824216349109,0.2038,0.13601680858122306
927.3678501693155,4,1,2,0.6347,0.16,0.07567609096496619,0.7625,0.3310848169855137
930.9481125618458,2,4,5,0.098,0.1,0.06699446834665028,0.1,0.28862103284308305
933.3479979951811,4,3,3,0.6347,0.16,0.07567609096496619,0.7625,0.3310848169855137
933.8837835048482,5,1,1,0.0643,0.0956,0.43519514443761526,0.0933,0.10593829481366802
933.950810073785,3,4,1,0.1677,0.1219,0.1672940995697603,0.1426,0.09333185889638394
934.4262807573433,5,4,4,0.0643,0.0956,0.43519514443761526,0.0933,0.10593829481366802
936.9306238513763,2,1,2,0.098,0.1,0.06699446834665028,0.1,0.28862103284308305
936.9760679265228,3,4,4,0.1677,0.1219,0.1672940995697603,0.1426,0.09333185889638394
937.7287329072313,4,4,4,0.6107,0.1589,0.07636754763368163,0.7684,0.3310848169855137
938.1082625197898,5,1,5,0.0643,0.0956,0.43519514443761526,0.0933,0.10593829481366802
938.507394251439,3,4,1,0.1677,0.1219,0.1672940995697603,0.1426,0.09333185889638394
939.1087832862834,3,1,5,0.1677,0.1219,0.1672940995697603,0.1426,0.09333185889638394
940.9873041861509,2,3,2,0.098,0.1,0.06699446834665028,0.1,0.28862103284308305
941.8050309398144,4,4,1,0.7914,0.1413,0.07340964966195451,0.696,0.35253787459913744
943.8147750711663,1,4,4,0.1867,0.3758,0.10517824216349109,0.2038,0.13601680858122306
943.9073011261268,1,4,4,0.1867,0.3758,0.10517824216349109,0.2038,0.13601680858122306
944.0344920708699,3,4,1,0.1677,0.1219,0.1672940995697603,0.1426,0.09333185889638394
944.2205993434754,3,4,4,0.1677,0.1219,0.1672940995697603,0.1426,0.09333185889638394
944.4038022771363,2,5,3,0.098,0.1,0.06699446834665028,0.1,0.28862103284308305
944.8211303663201,5,2,5,0.0643,0.0956,0.43519514443761526,0.0933,0.10593829481366802
948.3697674292087,1,4,4,0.1867,0.3758,0.10517824216349109,0.2038,0.13601680858122306
951.8078925909994,5,3,1,0.0643,0.0956,0.43519514443761526,0.0933,0.10593829481366802
951.945921522186,3,4,4,0.1677,0.1219,0.1672940995697603,0.1426,0.09333185889638394
953.6158037564395,3,5,3,0.1677,0.1219,0.1672940995697603,0.1426,0.09333185889638394
953.8636582145225,3,4,1,0.1677,0.1219,0.1672940995697603,0.1426,0.09333185889638394
954.0340850742532,4,1,2,0.7914,0.1413,0.07340964966195451,0.696,0.35253787459913744
954.9844643858387,3,4,2,0.1677,0.1219,0.1672940995697603,0.1426,0.09333185889638394
955.0228769396872,2,4,2,0.098,0.1,0.06699446834665028,0.1,0.28862103284308305
955.2332310499633,5,1,1,0.0643,0.0956,0.43519514443761526,0.0933,0.10593829481366802
955.3869651001625,2,4,4,0.098,0.1,0.06699446834665028,0.1,0.28862103284308305
958.8729527140429,3,1,5,0.1677,0.1219,0.1672940995697603,0.1426,0.09333185889638394
960.6708114494153,2,4,1,0.098,0.1,0.06699446834665028,0.1,0.28862103284308305
961.0792559945305,3,1,2,0.1677,0.1219,0.1672940995697603,0.1426,0.09333185889638394
961.1692870682581,2,4,1,0.098,0.1,0.06699446834665028,0.1,0.28862103284308305
961.3347398597141,4,3,3,0.7914,0.1413,0.07340964966195451,0.696,0.35253787459913744
961.8441917096684,5,2,5,0.0643,0.0956,0.43519514443761526,0.0933,0.10593829481366802
962.4643061137908,1,4,4,0.1867,0.3758,0.10517824216349109,0.2038,0.13601680858122306
964.4595425360167,3,1,4,0.1677,0.1219,0.1672940995697603,0.1426,0.09333185889638394
965.8899410253894,2,4,5,0.098,0.1,0.06699446834665028,0.1,0.28862103284308305
967.3108397929814,3,5,3,0.1677,0.1219,0.1672940995697603,0.1426,0.09333185889638394
967.359547242857,1,5,3,0.1867,0.3758,0.10517824216349109,0.2038,0.13601680858122306
967.5767656454371,1,4,5,0.1867,0.3758,0.10517824216349109,0.2038,0.13601680858122306
967.7697678997707,3,4,1,0.1677,0.1219,0.1672940995697603,0.1426,0.09333185889638394
971.5002895641047,4,4,1,0.821,0.1425,0.07360172095881991,0.6729,0.34756164989494637
972.2886763004577,1,4,4,0.1867,0.3758,0.10517824216349109,0.2038,0.13601680858122306
972.4432871400454,1,4,1,0.1867,0.3758,0.10517824216349109,0.2038,0.13601680858122306
972.6751812930868,3,4,1,0.1677,0.1219,0.1672940995697603,0.1426,0.09333185889638394
974.2123997038185,2,4,1,0.098,0.1,0.06699446834665028,0.1,0.28862103284308305
975.0481605780992,2,4,1,0.098,0.1,0.06699446834665028,0.1,0.28862103284308305
975.0585684337274,5,3,1,0.0643,0.0956,0.43519514443761526,0.0933,0.10593829481366802
975.1776810021487,1,4,1,0.1867,0.3758,0.10517824216349109,0.2038,0.13601680858122306
975.5783147969611,1,4,4,0.1867,0.3758,0.10517824216349109,0.2038,0.13601680858122306
975.8217905586762,5,4,4,0.0643,0.0956,0.43519514443761526,0.0933,0.10593829481366802
976.4739178451518,5,2,5,0.0643,0.0956,0.43519514443761526,0.0933,0.10593829481366802
976.6499134025969,1,2,5,0.1867,0.3758,0.10517824216349109,0.2038,0.13601680858122306
977.5221913457634,5,4,4,0.0643,0.0956,0.43519514443761526,0.0933,0.10593829481366802
977.5599190766051,3,1,1,0.1677,0.1219,0.1672940995697603,0.1426,0.09333185889638394
977.6901363733141,2,4,5,0.098,0.1,0.06699446834665028,0.1,0.28862103284308305
977.7454324011431,5,4,4,0.0643,0.0956,0.43519514443761526,0.0933,0.10593829481366802
977.7783138354258,5,4,4,0.0643,0.0956,0.43519514443761526,0.0933,0.10593829481366802
977.8071846032092,3,4,1,0.1677,0.1219,0.1672940995697603,0.1426,0.09333185889638394
978.765532584162,1,4,1,0.1867,0.3758,0.10517824216349109,0.2038,0.13601680858122306
984.7851521536605,3,4,1,0.1677,0.1219,0.1672940995697603,0.1426,0.09333185889638394
986.5248473776662,2,4,1,0.098,0.1,0.06699446834665028,0.1,0.28862103284308305
986.5639944361212,2,4,5,0.098,0.1,0.06699446834665028,0.1,0.28862103284308305
987.6568900006897,2,4,1,0.098,0.1,0.06699446834665028,0.1,0.28862103284308305
988.3801138235518,5,1,5,0.0643,0.0956,0.43519514443761526,0.0933,0.10593829481366802
989.1747166030968,1,4,1,0.1867,0.3758,0.10517824216349109,0.2038,0.13601680858122306
990.2685575662689,5,4,5,0.0643,0.0956,0.43519514443761526,0.0933,0.10593829481366802
991.1512779391642,1,4,1,0.1867,0.3758,0.10517824216349109,0.2038,0.13601680858122306
991.3280852502198,3,4,1,0.1677,0.1219,0.1672940995697603,0.1426,0.09333185889638394
992.1223912934528,1,1,2,0.1755,0.3805,0.11182390903503381,0.1914,0.13380515315713812
993.7357186329192,3,4,4,0.1677,0.1219,0.1672940995697603,0.1426,0.09333185889638394
994.2783087540964,2,4,1,0.098,0.1,0.06699446834665028,0.1,0.28862103284308305
994.4432104636483,2,1,2,0.098,0.1,0.06699446834665028,0.1,0.28862103284308305
994.9591990966043,2,1,2,0.098,0.1,0.06699446834665028,0.1,0.28862103284308305
995.5229896050845,5,4,1,0.0643,0.0956,0.43519514443761526,0.0933,0.10593829481366802
997.097241465396,5,1,2,0.0643,0.0956,0.43519514443761526,0.0933,0.10593829481366802
998.0691979478927,2,1,2,0.098,0.1,0.06699446834665028,0.1,0.28862103284308305
999.1046930599452,3,4,1,0.1677,0.1219,0.1672940995697603,0.1426,0.09333185889638394
999.2179134631509,2,4,1,0.098,0.1,0.06699446834665028,0.1,0.28862103284308305
1000.0258710366988,3,4,1,0.1677,0.1219,0.1672940995697603,0.1426,0.09333185889638394
